src/components/Alerts/FQNListSelect/FQNListSelect.component.tsx(53,27): error TS2339: Property 'entityType' does not exist on type 'Pick<unknown, never> | Pick<TableSearchSource, never> | Pick<TableColumnSearchSource, never> | Pick<TopicSearchSource, never> | ... 36 more ... | Pick<...>'.
  Property 'entityType' does not exist on type 'Pick<unknown, never>'.
src/components/Alerts/FQNListSelect/FQNListSelect.component.tsx(54,52): error TS2339: Property 'entityType' does not exist on type 'Pick<unknown, never> | Pick<TableSearchSource, never> | Pick<TableColumnSearchSource, never> | Pick<TopicSearchSource, never> | ... 36 more ... | Pick<...>'.
  Property 'entityType' does not exist on type 'Pick<unknown, never>'.
src/components/Alerts/FQNListSelect/FQNListSelect.component.tsx(56,35): error TS2339: Property 'fullyQualifiedName' does not exist on type 'Pick<unknown, never> | Pick<TableSearchSource, never> | Pick<TableColumnSearchSource, never> | Pick<TopicSearchSource, never> | ... 36 more ... | Pick<...>'.
  Property 'fullyQualifiedName' does not exist on type 'Pick<unknown, never>'.
src/components/AppBar/Suggestions.tsx(113,20): error TS2345: Argument of type '() => { tableSuggestions: (ContainerSearchSource | DashboardDataModelSearchSource | StoredProcedureSearchSource | ... 16 more ... | WorksheetSource)[]; ... 21 more ...; worksheetSuggestions: (ContainerSearchSource | ... 18 more ... | WorksheetSource)[]; }' is not assignable to parameter of type 'SetStateAction<SuggestionsObject>'.
  Type '() => { tableSuggestions: (ContainerSearchSource | DashboardDataModelSearchSource | StoredProcedureSearchSource | ... 16 more ... | WorksheetSource)[]; ... 21 more ...; worksheetSuggestions: (ContainerSearchSource | ... 18 more ... | WorksheetSource)[]; }' is not assignable to type '(prevState: SuggestionsObject) => SuggestionsObject'.
    Call signature return types '{ tableSuggestions: (ContainerSearchSource | DashboardDataModelSearchSource | StoredProcedureSearchSource | ... 16 more ... | WorksheetSource)[]; ... 21 more ...; worksheetSuggestions: (ContainerSearchSource | ... 18 more ... | WorksheetSource)[]; }' and 'SuggestionsObject' are incompatible.
      The types of 'tableSuggestions' are incompatible between these types.
        Type '(ContainerSearchSource | DashboardDataModelSearchSource | StoredProcedureSearchSource | ... 16 more ... | WorksheetSource)[]' is not assignable to type 'TableSource[]'.
          Type 'ContainerSearchSource | DashboardDataModelSearchSource | StoredProcedureSearchSource | ... 16 more ... | WorksheetSource' is not assignable to type 'TableSource'.
            Type 'ContainerSearchSource' is missing the following properties from type 'TableSource': table_id, table_name
src/components/AppRouter/DomainRouter.tsx(46,31): error TS2322: Type '{ pageTitle: string; }' is not assignable to type 'IntrinsicAttributes'.
  Property 'pageTitle' does not exist on type 'IntrinsicAttributes'.
src/components/AppRouter/DomainRouter.tsx(54,31): error TS2322: Type '{ pageTitle: string; }' is not assignable to type 'IntrinsicAttributes'.
  Property 'pageTitle' does not exist on type 'IntrinsicAttributes'.
src/components/AppRouter/DomainRouter.tsx(62,31): error TS2322: Type '{ pageTitle: string; }' is not assignable to type 'IntrinsicAttributes'.
  Property 'pageTitle' does not exist on type 'IntrinsicAttributes'.
src/components/AppRouter/SettingsRouter.test.tsx(384,45): error TS2551: Property 'NOTIFICATION_ALERTS' does not exist on type '{ HOME: string; CALLBACK: string; SILENT_CALLBACK: string; NOT_FOUND: string; FORBIDDEN: string; UNAUTHORISED: string; LOGOUT: string; PLATFORM_LINEAGE: string; PLATFORM_LINEAGE_WITH_FQN: string; ... 141 more ...; SETTINGS_SSO: string; }'. Did you mean 'NOTIFICATION_ALERT_LIST'?
src/components/AuditLog/AuditLogList.test.tsx(51,9): error TS2820: Type '"entityCreated"' is not assignable to type 'EventType'. Did you mean 'EventType.EntityRestored'?
src/components/AuditLog/AuditLogList.test.tsx(78,9): error TS2322: Type '"entityUpdated"' is not assignable to type 'EventType'.
src/components/AuditLog/AuditLogList.test.tsx(190,11): error TS2322: Type '"entityUpdated"' is not assignable to type 'EventType'.
src/components/AuditLog/AuditLogList.test.tsx(227,11): error TS2322: Type '"entityUpdated"' is not assignable to type 'EventType'.
src/components/AuditLog/AuditLogList.test.tsx(270,11): error TS2322: Type '"entityUpdated"' is not assignable to type 'EventType'.
src/components/AuditLog/AuditLogList.test.tsx(309,11): error TS2322: Type '"entityUpdated"' is not assignable to type 'EventType'.
src/components/AuditLog/AuditLogList.test.tsx(348,11): error TS2322: Type '"entityUpdated"' is not assignable to type 'EventType'.
src/components/AuditLog/AuditLogList.test.tsx(387,11): error TS2322: Type '"entityUpdated"' is not assignable to type 'EventType'.
src/components/AuditLog/AuditLogList.test.tsx(469,11): error TS2322: Type '"entityUpdated"' is not assignable to type 'EventType'.
src/components/AuditLog/AuditLogList.test.tsx(515,11): error TS2322: Type '"entityUpdated"' is not assignable to type 'EventType'.
src/components/AuditLog/AuditLogList.test.tsx(552,11): error TS2322: Type '"entityUpdated"' is not assignable to type 'EventType'.
src/components/AuditLog/AuditLogList.test.tsx(595,11): error TS2322: Type '"entityUpdated"' is not assignable to type 'EventType'.
src/components/AuditLog/AuditLogList.test.tsx(636,11): error TS2322: Type '"entityUpdated"' is not assignable to type 'EventType'.
src/components/AuditLog/AuditLogList.test.tsx(679,11): error TS2322: Type '"entityUpdated"' is not assignable to type 'EventType'.
src/components/AuditLog/AuditLogList.test.tsx(723,11): error TS2820: Type '"entityCreated"' is not assignable to type 'EventType'. Did you mean 'EventType.EntityRestored'?
src/components/AuditLog/AuditLogList.test.tsx(763,11): error TS2322: Type '"entityUpdated"' is not assignable to type 'EventType'.
src/components/Auth/AppAuthenticators/MsalAuthenticator.tsx(53,54): error TS2345: Argument of type '{ readonly scopes: readonly ["openid", "profile", "email", "offline_access"]; }' is not assignable to parameter of type 'PopupRequest'.
  Type '{ readonly scopes: readonly ["openid", "profile", "email", "offline_access"]; }' is not assignable to type '{ scopes: string[]; popupWindowAttributes?: PopupWindowAttributes | undefined; tokenBodyParameters?: StringDict | undefined; popupWindowParent?: Window | undefined; }'.
    Types of property 'scopes' are incompatible.
      The type 'readonly ["openid", "profile", "email", "offline_access"]' is 'readonly' and cannot be assigned to the mutable type 'string[]'.
src/components/Auth/AppAuthenticators/MsalAuthenticator.tsx(59,40): error TS2345: Argument of type '{ readonly scopes: readonly ["openid", "profile", "email", "offline_access"]; }' is not assignable to parameter of type 'RedirectRequest'.
  Type '{ readonly scopes: readonly ["openid", "profile", "email", "offline_access"]; }' is not assignable to type '{ scopes: string[]; redirectStartPage?: string | undefined; onRedirectNavigate?: ((url: string) => boolean | void) | undefined; tokenBodyParameters?: StringDict | undefined; }'.
    Types of property 'scopes' are incompatible.
      The type 'readonly ["openid", "profile", "email", "offline_access"]' is 'readonly' and cannot be assigned to the mutable type 'string[]'.
src/components/Auth/AppAuthenticators/MsalAuthenticator.tsx(88,60): error TS2345: Argument of type '{ account: AccountInfo; scopes: readonly ["openid", "profile", "email", "offline_access"]; forceRefresh: boolean; }' is not assignable to parameter of type 'SilentRequest'.
  Type '{ account: AccountInfo; scopes: readonly ["openid", "profile", "email", "offline_access"]; forceRefresh: boolean; }' is not assignable to type 'Omit<CommonSilentFlowRequest, "account" | "authority" | "requestedClaimsHash" | "correlationId" | "forceRefresh">'.
    Types of property 'scopes' are incompatible.
      The type 'readonly ["openid", "profile", "email", "offline_access"]' is 'readonly' and cannot be assigned to the mutable type 'string[]'.
src/components/Auth/AppAuthenticators/MsalAuthenticator.tsx(97,61): error TS2345: Argument of type '{ account: AccountInfo; scopes: readonly ["openid", "profile", "email", "offline_access"]; forceRefresh: boolean; }' is not assignable to parameter of type 'PopupRequest'.
  Type '{ account: AccountInfo; scopes: readonly ["openid", "profile", "email", "offline_access"]; forceRefresh: boolean; }' is not assignable to type '{ scopes: string[]; popupWindowAttributes?: PopupWindowAttributes | undefined; tokenBodyParameters?: StringDict | undefined; popupWindowParent?: Window | undefined; }'.
    Types of property 'scopes' are incompatible.
      The type 'readonly ["openid", "profile", "email", "offline_access"]' is 'readonly' and cannot be assigned to the mutable type 'string[]'.
src/components/Auth/AuthProviders/AuthProvider.tsx(626,17): error TS2345: Argument of type 'string' is not assignable to parameter of type '"/auth/callback" | "/silent-callback"'.
src/components/BlockEditor/EditorSlots.test.tsx(123,22): error TS2352: Conversion of type 'Tippy<Props>' to type 'Mock<any, any>' may be a mistake because neither type sufficiently overlaps with the other. If this was intentional, convert the expression to 'unknown' first.
  Type 'Tippy<Props>' is missing the following properties from type 'Mock<any, any>': getMockName, mock, mockClear, mockReset, and 12 more.
src/components/BlockEditor/EditorSlots.test.tsx(159,22): error TS2352: Conversion of type 'Tippy<Props>' to type 'Mock<any, any>' may be a mistake because neither type sufficiently overlaps with the other. If this was intentional, convert the expression to 'unknown' first.
  Type 'Tippy<Props>' is missing the following properties from type 'Mock<any, any>': getMockName, mock, mockClear, mockReset, and 12 more.
src/components/common/atoms/compositions/useListingData.test.tsx(85,43): error TS2345: Argument of type '{ selectedEntities: never[]; isAllSelected: false; isIndeterminate: false; handleSelectAll: jest.Mock<any, any>; handleSelect: jest.Mock<any, any>; clearSelection: jest.Mock<any, any>; isSelected: jest.Mock<...>; }' is not assignable to parameter of type 'SelectionState'.
  Property 'setSelectedEntities' is missing in type '{ selectedEntities: never[]; isAllSelected: false; isIndeterminate: false; handleSelectAll: jest.Mock<any, any>; handleSelect: jest.Mock<any, any>; clearSelection: jest.Mock<any, any>; isSelected: jest.Mock<...>; }' but required in type 'SelectionState'.
src/components/common/atoms/data/useDataFetching.tsx(103,21): error TS2345: Argument of type '(Pick<unknown, never> | Pick<TableSearchSource, never> | Pick<TableColumnSearchSource, never> | Pick<TopicSearchSource, never> | ... 36 more ... | Pick<...>)[]' is not assignable to parameter of type 'SetStateAction<T[]>'.
  Type '(Pick<unknown, never> | Pick<TableSearchSource, never> | Pick<TableColumnSearchSource, never> | Pick<TopicSearchSource, never> | ... 36 more ... | Pick<...>)[]' is not assignable to type 'T[]'.
    Type 'Pick<unknown, never> | Pick<TableSearchSource, never> | Pick<TableColumnSearchSource, never> | Pick<TopicSearchSource, never> | ... 36 more ... | Pick<...>' is not assignable to type 'T'.
      'T' could be instantiated with an arbitrary type which could be unrelated to 'Pick<unknown, never> | Pick<TableSearchSource, never> | Pick<TableColumnSearchSource, never> | Pick<TopicSearchSource, never> | ... 36 more ... | Pick<...>'.
src/components/common/atoms/TagChip/TagChip.tsx(102,36): error TS2769: No overload matches this call.
  Overload 1 of 2, '(props: { component: ElementType<any, keyof IntrinsicElements>; } & ChipOwnProps & ChipSlotsAndSlotProps & CommonProps & Omit<...>): Element | null', gave the following error.
    Type '{ 'data-testid': string; } | undefined' is not assignable to type 'SlotProps<"span", {}, ChipOwnerState> | undefined'.
      Object literal may only specify known properties, and ''data-testid'' does not exist in type 'SlotProps<"span", {}, ChipOwnerState>'.
  Overload 2 of 2, '(props: DefaultComponentProps<ChipTypeMap<{}, "div">>): Element | null', gave the following error.
    Type '{ 'data-testid': string; } | undefined' is not assignable to type 'SlotProps<"span", {}, ChipOwnerState> | undefined'.
      Object literal may only specify known properties, and ''data-testid'' does not exist in type 'SlotProps<"span", {}, ChipOwnerState>'.
src/components/common/DomainLabel/DomainLabel.component.tsx(90,29): error TS2345: Argument of type '{}[]' is not assignable to parameter of type 'SetStateAction<EntityReference[]>'.
  Type '{}[]' is not assignable to type 'EntityReference[]'.
    Type '{}' is missing the following properties from type 'EntityReference': id, type
src/components/common/DomainLabel/DomainLabelNew.tsx(80,29): error TS2345: Argument of type '{}[]' is not assignable to parameter of type 'SetStateAction<EntityReference[]>'.
  Type '{}[]' is not assignable to type 'EntityReference[]'.
    Type '{}' is missing the following properties from type 'EntityReference': id, type
src/components/common/EntityImport/EntityImport.component.tsx(156,52): error TS2345: Argument of type 'CSVImportResult | undefined' is not assignable to parameter of type 'CSVImportResult'.
  Type 'undefined' is not assignable to type 'CSVImportResult'.
src/components/common/EntityImport/EntityImport.component.tsx(166,52): error TS2345: Argument of type 'CSVImportResult | undefined' is not assignable to parameter of type 'CSVImportResult'.
  Type 'undefined' is not assignable to type 'CSVImportResult'.
src/components/common/EntityTitleSection/EntityTitleSection.tsx(104,31): error TS18046: 'response' is of type 'unknown'.
src/components/common/Form/JSONSchema/JsonSchemaWidgets/ManifestJsonWidget/ManifestJsonWidget.test.tsx(63,45): error TS2344: Type 'unknown' does not satisfy the constraint 'GenericObjectType'.
src/components/common/Form/JSONSchema/JsonSchemaWidgets/TreeSelectWidget.tsx(74,6): error TS2322: Type '{ children: ReactNode; id: string; name: string; schema: RJSFSchema; uiSchema?: UiSchema<any, RJSFSchema, any> | undefined; value: any; ... 283 more ...; onFocus: () => void; }' is not assignable to type 'TreeSelectProps<unknown, { title: string; value: string; key: string; children: { title: string; value: any; key: any; }[] | undefined; }>'.
  Types of property 'onSelect' are incompatible.
    Type 'ReactEventHandler<HTMLElement> | undefined' is not assignable to type 'SelectHandler<unknown, { title: string; value: string; key: string; children: { title: string; value: any; key: any; }[] | undefined; }> | undefined'.
      Type 'ReactEventHandler<HTMLElement>' is not assignable to type 'SelectHandler<unknown, { title: string; value: string; key: string; children: { title: string; value: any; key: any; }[] | undefined; }>'.
        Types of parameters 'event' and 'value' are incompatible.
          Type 'unknown' is not assignable to type 'SyntheticEvent<HTMLElement, Event>'.
src/components/common/GlossaryTermsSection/GlossaryTermsSection.test.tsx(328,15): error TS2741: Property 'entityType' is missing in type '{ hasPermission: true; showEditButton: true; }' but required in type 'GlossaryTermsSectionProps'.
src/components/common/MUIAsyncTreeSelect/atoms/TreeContent/TreeContent.tsx(97,7): error TS2322: Type 'MutableRefObject<TreeViewApi | null> | undefined' is not assignable to type 'SimpleTreeViewApiRef<any> | undefined'.
  Type 'MutableRefObject<TreeViewApi | null>' is not assignable to type 'RefObject<Partial<{ setItemSelection: ({ itemId, event, keepExistingSelection, shouldBeSelected }: { itemId: string; event?: SyntheticEvent<Element, Event> | null | undefined; shouldBeSelected?: boolean | undefined; keepExistingSelection?: boolean | undefined; }) => void; ... 8 more ...; setIsItemDisabled: ({ itemId...'.
    Types of property 'current' are incompatible.
      Type 'TreeViewApi | null' is not assignable to type 'Partial<{ setItemSelection: ({ itemId, event, keepExistingSelection, shouldBeSelected }: { itemId: string; event?: SyntheticEvent<Element, Event> | null | undefined; shouldBeSelected?: boolean | undefined; keepExistingSelection?: boolean | undefined; }) => void; ... 8 more ...; setIsItemDisabled: ({ itemId, shouldBe...'.
        Type 'TreeViewApi' is not assignable to type 'Partial<{ setItemSelection: ({ itemId, event, keepExistingSelection, shouldBeSelected }: { itemId: string; event?: SyntheticEvent<Element, Event> | null | undefined; shouldBeSelected?: boolean | undefined; keepExistingSelection?: boolean | undefined; }) => void; ... 8 more ...; setIsItemDisabled: ({ itemId, shouldBe...'.
          Types of property 'setItemExpansion' are incompatible.
            Type '((event: SyntheticEvent<Element, Event>, itemId: string, isExpanded: boolean) => void) | undefined' is not assignable to type '(({ itemId, event, shouldBeExpanded }: { itemId: string; event?: SyntheticEvent<Element, Event> | null | undefined; shouldBeExpanded?: boolean | undefined; }) => void) | undefined'.
              Type '(event: SyntheticEvent<Element, Event>, itemId: string, isExpanded: boolean) => void' is not assignable to type '({ itemId, event, shouldBeExpanded }: { itemId: string; event?: SyntheticEvent<Element, Event> | null | undefined; shouldBeExpanded?: boolean | undefined; }) => void'.
                Target signature provides too few arguments. Expected 3 or more, but got 1.
src/components/common/MUIAsyncTreeSelect/atoms/TreeDropdown/TreeDropdown.tsx(42,44): error TS2339: Property 'contains' does not exist on type 'EventTarget'.
src/components/common/MUIAsyncTreeSelect/MUIAsyncTreeSelect.tsx(286,5): error TS2322: Type 'RefObject<{ setEditedItem: (itemId: string | null) => void; updateItemLabel: (itemId: string, label: string) => void; setItemSelection: ({ itemId, event, keepExistingSelection, shouldBeSelected }: { itemId: string; event?: SyntheticEvent<Element, Event> | null | undefined; shouldBeSelected?: boolean | undefined; kee...' is not assignable to type 'MutableRefObject<TreeViewApi | null>'.
  Types of property 'current' are incompatible.
    Type '{ setEditedItem: (itemId: string | null) => void; updateItemLabel: (itemId: string, label: string) => void; setItemSelection: ({ itemId, event, keepExistingSelection, shouldBeSelected }: { itemId: string; event?: SyntheticEvent<Element, Event> | null | undefined; shouldBeSelected?: boolean | undefined; keepExistingS...' is not assignable to type 'TreeViewApi | null'.
      Type 'undefined' is not assignable to type 'TreeViewApi | null'.
src/components/common/MUIAsyncTreeSelect/MUIAsyncTreeSelect.tsx(580,11): error TS2322: Type 'RefObject<{ setEditedItem: (itemId: string | null) => void; updateItemLabel: (itemId: string, label: string) => void; setItemSelection: ({ itemId, event, keepExistingSelection, shouldBeSelected }: { itemId: string; event?: SyntheticEvent<Element, Event> | null | undefined; shouldBeSelected?: boolean | undefined; kee...' is not assignable to type 'MutableRefObject<TreeViewApi | null>'.
  Types of property 'current' are incompatible.
    Type '{ setEditedItem: (itemId: string | null) => void; updateItemLabel: (itemId: string, label: string) => void; setItemSelection: ({ itemId, event, keepExistingSelection, shouldBeSelected }: { itemId: string; event?: SyntheticEvent<Element, Event> | null | undefined; shouldBeSelected?: boolean | undefined; keepExistingS...' is not assignable to type 'TreeViewApi | null'.
      Type 'undefined' is not assignable to type 'TreeViewApi | null'.
src/components/common/MUIDomainSelect/MUIDomainSelect.tsx(172,7): error TS2322: Type '{ searchable: true; cascadeSelection: false; "data-testid": string | undefined; debounceMs: number; disabled: boolean; error: boolean; fetchData: ({ searchTerm, }: { searchTerm?: string | undefined; }) => Promise<...>; ... 16 more ...; onFocus: (() => void) | undefined; }' is not assignable to type 'IntrinsicAttributes & MUIAsyncTreeSelectProps<unknown>'.
  Property 'onBlur' does not exist on type 'IntrinsicAttributes & MUIAsyncTreeSelectProps<unknown>'.
src/components/common/MUIUserTeamSelect/MUIUserTeamSelect.tsx(391,7): error TS2322: Type 'Partial<Omit<DetailedHTMLProps<HTMLAttributes<HTMLUListElement>, HTMLUListElement>, "ref">> & { ...; }' is not assignable to type '(HTMLAttributes<HTMLUListElement> & { sx?: SxProps<Theme> | undefined; ref?: Ref<Element> | undefined; }) | undefined'.
  Type 'Partial<Omit<DetailedHTMLProps<HTMLAttributes<HTMLUListElement>, HTMLUListElement>, "ref">> & { ...; }' is not assignable to type 'HTMLAttributes<HTMLUListElement> & { sx?: SxProps<Theme> | undefined; ref?: Ref<Element> | undefined; }'.
    Type 'Partial<Omit<DetailedHTMLProps<HTMLAttributes<HTMLUListElement>, HTMLUListElement>, "ref">> & { ...; }' is not assignable to type 'HTMLAttributes<HTMLUListElement>'.
      Types of property 'children' are incompatible.
        Type 'ReactI18NextChildren | Iterable<ReactI18NextChildren>' is not assignable to type 'ReactNode'.
          Type 'Record<string, unknown>' is not assignable to type 'ReactNode'.
            Type 'Record<string, unknown>' is missing the following properties from type 'ReactPortal': children, type, props, key
src/components/common/OverviewSection/OverviewSection.tsx(42,9): error TS2322: Type '{ name: string; value?: unknown; url?: string | undefined; linkProps?: To | undefined; isLink?: boolean | undefined; isExternal?: boolean | undefined; visible?: string[] | undefined; }[]' is not assignable to type 'EntityInfoItemV1[]'.
  Type '{ name: string; value?: unknown; url?: string | undefined; linkProps?: To | undefined; isLink?: boolean | undefined; isExternal?: boolean | undefined; visible?: string[] | undefined; }' is not assignable to type 'EntityInfoItemV1'.
    Types of property 'value' are incompatible.
      Type 'unknown' is not assignable to type 'ReactNode'.
src/components/common/QueryViewer/QueryViewer.component.tsx(70,17): error TS2322: Type '(text?: string) => Promise<void>' is not assignable to type 'MouseEventHandler<HTMLElement>'.
  Types of parameters 'text' and 'event' are incompatible.
    Type 'MouseEvent<HTMLElement, MouseEvent>' is not assignable to type 'string'.
src/components/common/RichTextEditor/RichTextEditor.test.tsx(287,33): error TS2339: Property 'menuType' does not exist on type 'BlockEditorMockProps'.
src/components/common/RichTextEditor/RichTextEditorPreviewNew.test.tsx(124,18): error TS2551: Property 'WebkitBoxOrient' does not exist on type 'CSSStyleDeclaration'. Did you mean 'webkitBoxOrient'?
src/components/common/RichTextEditor/RichTextEditorPreviewNew.test.tsx(125,18): error TS2551: Property 'WebkitLineClamp' does not exist on type 'CSSStyleDeclaration'. Did you mean 'webkitLineClamp'?
src/components/common/RichTextEditor/RichTextEditorPreviewNew.test.tsx(142,18): error TS2551: Property 'WebkitBoxOrient' does not exist on type 'CSSStyleDeclaration'. Did you mean 'webkitBoxOrient'?
src/components/common/RichTextEditor/RichTextEditorPreviewNew.test.tsx(312,25): error TS2551: Property 'WebkitLineClamp' does not exist on type 'CSSStyleDeclaration'. Did you mean 'webkitLineClamp'?
src/components/common/RichTextEditor/RichTextEditorPreviewNew.test.tsx(318,25): error TS2551: Property 'WebkitLineClamp' does not exist on type 'CSSStyleDeclaration'. Did you mean 'webkitLineClamp'?
src/components/common/RichTextEditor/TaskDescriptionPreviewer.test.tsx(152,18): error TS7015: Element implicitly has an 'any' type because index expression is not of type 'number'.
src/components/common/RichTextEditor/TaskDescriptionPreviewer.test.tsx(153,18): error TS7015: Element implicitly has an 'any' type because index expression is not of type 'number'.
src/components/Customization/GenericProvider/GenericProvider.tsx(94,5): error TS2345: Argument of type '{ [key: string]: any; } | WidgetConfig[] | ({ h: number; i: DetailPageWidgetKeys; w: number; x: number; y: number; children: ({ h: number; i: DetailPageWidgetKeys; w: number; x: number; y: number; static: boolean; } | { ...; })[]; static: boolean; } | { ...; } | { ...; } | { ...; })[] | undefined' is not assignable to parameter of type 'WidgetConfig[] | (() => WidgetConfig[])'.
  Type 'undefined' is not assignable to type 'WidgetConfig[] | (() => WidgetConfig[])'.
src/components/Customization/GenericProvider/GenericProvider.tsx(186,7): error TS2345: Argument of type '{ [key: string]: any; } | WidgetConfig[] | ({ h: number; i: DetailPageWidgetKeys; w: number; x: number; y: number; children: ({ h: number; i: DetailPageWidgetKeys; w: number; x: number; y: number; static: boolean; } | { ...; })[]; static: boolean; } | { ...; } | { ...; } | { ...; })[] | undefined' is not assignable to parameter of type 'SetStateAction<WidgetConfig[]>'.
  Type 'undefined' is not assignable to type 'SetStateAction<WidgetConfig[]>'.
src/components/Dashboard/DashboardVersion/DashboardVersion.component.tsx(103,9): error TS2322: Type '(ColumnGroupType<{ description?: string | undefined; }> | ColumnType<{ description?: string | undefined; }> | { title: any; dataIndex: string; key: string; render: (text: any, record: EntityReference) => Element; } | { ...; })[]' is not assignable to type 'ColumnsType<EntityReference>'.
  Type 'ColumnGroupType<{ description?: string | undefined; }> | ColumnType<{ description?: string | undefined; }> | { title: any; dataIndex: string; key: string; render: (text: any, record: EntityReference) => Element; } | { ...; }' is not assignable to type 'ColumnGroupType<EntityReference> | ColumnType<EntityReference>'.
    Type 'ColumnGroupType<{ description?: string | undefined; }>' is not assignable to type 'ColumnGroupType<EntityReference> | ColumnType<EntityReference>'.
      Type 'ColumnGroupType<{ description?: string | undefined; }>' is not assignable to type 'ColumnGroupType<EntityReference>'.
        Types of property 'children' are incompatible.
          Type 'ColumnsType<{ description?: string | undefined; }>' is not assignable to type 'ColumnsType<EntityReference>'.
            Type 'ColumnGroupType<{ description?: string | undefined; }> | ColumnType<{ description?: string | undefined; }>' is not assignable to type 'ColumnGroupType<EntityReference> | ColumnType<EntityReference>'.
              Type 'ColumnType<{ description?: string | undefined; }>' is not assignable to type 'ColumnGroupType<EntityReference> | ColumnType<EntityReference>'.
                Type 'ColumnType<{ description?: string | undefined; }>' is not assignable to type 'ColumnType<EntityReference>'.
                  Types of property 'title' are incompatible.
                    Type 'ColumnTitle<{ description?: string | undefined; }>' is not assignable to type 'ColumnTitle<EntityReference>'.
                      Type '(props: ColumnTitleProps<{ description?: string | undefined; }>) => ReactNode' is not assignable to type 'ColumnTitle<EntityReference>'.
                        Type '(props: ColumnTitleProps<{ description?: string | undefined; }>) => ReactNode' is not assignable to type '(props: ColumnTitleProps<EntityReference>) => ReactNode'.
                          Types of parameters 'props' and 'props' are incompatible.
                            Type 'ColumnTitleProps<EntityReference>' is not assignable to type 'ColumnTitleProps<{ description?: string | undefined; }>'.
                              Types of property 'sortColumn' are incompatible.
                                Type 'ColumnType<EntityReference> | undefined' is not assignable to type 'ColumnType<{ description?: string | undefined; }> | undefined'.
                                  Type 'ColumnType<EntityReference>' is not assignable to type 'ColumnType<{ description?: string | undefined; }>'.
                                    Types of property 'title' are incompatible.
                                      Type 'ColumnTitle<EntityReference>' is not assignable to type 'ColumnTitle<{ description?: string | undefined; }>'.
                                        Type '(props: ColumnTitleProps<EntityReference>) => ReactNode' is not assignable to type 'ColumnTitle<{ description?: string | undefined; }>'.
                                          Type '(props: ColumnTitleProps<EntityReference>) => ReactNode' is not assignable to type '(props: ColumnTitleProps<{ description?: string | undefined; }>) => ReactNode'.
                                            Types of parameters 'props' and 'props' are incompatible.
                                              Type 'ColumnTitleProps<{ description?: string | undefined; }>' is not assignable to type 'ColumnTitleProps<EntityReference>'.
                                                Type '{ description?: string | undefined; }' is missing the following properties from type 'EntityReference': id, type
src/components/Dashboard/DataModel/DataModels/DataModelsTable.tsx(131,9): error TS2322: Type '(ColumnGroupType<{ description?: string | undefined; }> | ColumnType<{ description?: string | undefined; }> | ColumnGroupType<ServicePageData> | ColumnType<...> | { ...; } | { ...; })[]' is not assignable to type 'ColumnsType<ServicePageData>'.
  Type 'ColumnGroupType<{ description?: string | undefined; }> | ColumnType<{ description?: string | undefined; }> | ColumnGroupType<ServicePageData> | ColumnType<...> | { ...; } | { ...; }' is not assignable to type 'ColumnGroupType<ServicePageData> | ColumnType<ServicePageData>'.
    Type 'ColumnGroupType<{ description?: string | undefined; }>' is not assignable to type 'ColumnGroupType<ServicePageData> | ColumnType<ServicePageData>'.
      Type 'ColumnGroupType<{ description?: string | undefined; }>' is not assignable to type 'ColumnGroupType<ServicePageData>'.
        Types of property 'children' are incompatible.
          Type 'ColumnsType<{ description?: string | undefined; }>' is not assignable to type 'ColumnsType<ServicePageData>'.
            Type 'ColumnGroupType<{ description?: string | undefined; }> | ColumnType<{ description?: string | undefined; }>' is not assignable to type 'ColumnGroupType<ServicePageData> | ColumnType<ServicePageData>'.
              Type 'ColumnType<{ description?: string | undefined; }>' is not assignable to type 'ColumnGroupType<ServicePageData> | ColumnType<ServicePageData>'.
                Type 'ColumnType<{ description?: string | undefined; }>' is not assignable to type 'ColumnType<ServicePageData>'.
                  Types of property 'title' are incompatible.
                    Type 'ColumnTitle<{ description?: string | undefined; }>' is not assignable to type 'ColumnTitle<ServicePageData>'.
                      Type '(props: ColumnTitleProps<{ description?: string | undefined; }>) => ReactNode' is not assignable to type 'ColumnTitle<ServicePageData>'.
                        Type '(props: ColumnTitleProps<{ description?: string | undefined; }>) => ReactNode' is not assignable to type '(props: ColumnTitleProps<ServicePageData>) => ReactNode'.
                          Types of parameters 'props' and 'props' are incompatible.
                            Type 'ColumnTitleProps<ServicePageData>' is not assignable to type 'ColumnTitleProps<{ description?: string | undefined; }>'.
                              Types of property 'sortColumn' are incompatible.
                                Type 'ColumnType<ServicePageData> | undefined' is not assignable to type 'ColumnType<{ description?: string | undefined; }> | undefined'.
                                  Type 'ColumnType<ServicePageData>' is not assignable to type 'ColumnType<{ description?: string | undefined; }>'.
                                    Types of property 'title' are incompatible.
                                      Type 'ColumnTitle<ServicePageData>' is not assignable to type 'ColumnTitle<{ description?: string | undefined; }>'.
                                        Type '(props: ColumnTitleProps<ServicePageData>) => ReactNode' is not assignable to type 'ColumnTitle<{ description?: string | undefined; }>'.
                                          Type '(props: ColumnTitleProps<ServicePageData>) => ReactNode' is not assignable to type '(props: ColumnTitleProps<{ description?: string | undefined; }>) => ReactNode'.
                                            Types of parameters 'props' and 'props' are incompatible.
                                              Type 'ColumnTitleProps<{ description?: string | undefined; }>' is not assignable to type 'ColumnTitleProps<ServicePageData>'.
                                                Type '{ description?: string | undefined; }' is not assignable to type 'ServicePageData'.
                                                  Type '{ description?: string | undefined; }' is missing the following properties from type 'Topic': id, name, partitions, service
src/components/DataAssets/DataAssetAsyncSelectList/DataAssetAsyncSelectList.tsx(80,19): error TS2339: Property 'entityType' does not exist on type 'Pick<unknown, never> | Pick<TableSearchSource, never> | Pick<TableColumnSearchSource, never> | Pick<TopicSearchSource, never> | ... 36 more ... | Pick<...>'.
  Property 'entityType' does not exist on type 'Pick<unknown, never>'.
src/components/DataAssets/DataAssetAsyncSelectList/DataAssetAsyncSelectList.tsx(85,26): error TS2339: Property 'fullyQualifiedName' does not exist on type 'Pick<unknown, never> | Pick<TableSearchSource, never> | Pick<TableColumnSearchSource, never> | Pick<TopicSearchSource, never> | ... 36 more ... | Pick<...>'.
  Property 'fullyQualifiedName' does not exist on type 'Pick<unknown, never>'.
src/components/DataAssets/DataAssetAsyncSelectList/DataAssetAsyncSelectList.tsx(90,25): error TS2339: Property 'name' does not exist on type 'Pick<unknown, never> | Pick<TableSearchSource, never> | Pick<TableColumnSearchSource, never> | Pick<TopicSearchSource, never> | ... 36 more ... | Pick<...>'.
  Property 'name' does not exist on type 'Pick<unknown, never>'.
src/components/DataAssets/DomainLabelV2/DomainLabelV2.tsx(94,29): error TS2345: Argument of type '{}[]' is not assignable to parameter of type 'SetStateAction<EntityReference[]>'.
  Type '{}[]' is not assignable to type 'EntityReference[]'.
    Type '{}' is missing the following properties from type 'EntityReference': id, type
src/components/DataAssetSummaryPanelV1/DataAssetSummaryPanelV1.tsx(130,31): error TS18046: 'response' is of type 'unknown'.
src/components/Database/SampleDataTable/SampleDataTable.component.tsx(230,23): error TS7006: Parameter 'e' implicitly has an 'any' type.
src/components/Database/SchemaEditor/CodeEditor.tsx(140,17): error TS2322: Type '(text?: string) => Promise<void>' is not assignable to type 'MouseEventHandler<HTMLElement>'.
  Types of parameters 'text' and 'event' are incompatible.
    Type 'MouseEvent<HTMLElement, MouseEvent>' is not assignable to type 'string'.
src/components/Database/TableQueries/QueryCard.tsx(227,17): error TS2322: Type '(text?: string) => Promise<void>' is not assignable to type 'MouseEventHandler<HTMLElement>'.
  Types of parameters 'text' and 'event' are incompatible.
    Type 'MouseEvent<HTMLElement, MouseEvent>' is not assignable to type 'string'.
src/components/Database/TableQueries/TableQueries.tsx(311,24): error TS2339: Property 'fullyQualifiedName' does not exist on type 'Pick<unknown, never> | Pick<TableSearchSource, never> | Pick<TableColumnSearchSource, never> | Pick<TopicSearchSource, never> | ... 36 more ... | Pick<...>'.
  Property 'fullyQualifiedName' does not exist on type 'Pick<unknown, never>'.
src/components/Database/TableQueries/TableQueries.tsx(311,58): error TS2339: Property 'name' does not exist on type 'Pick<unknown, never> | Pick<TableSearchSource, never> | Pick<TableColumnSearchSource, never> | Pick<TopicSearchSource, never> | ... 36 more ... | Pick<...>'.
  Property 'name' does not exist on type 'Pick<unknown, never>'.
src/components/Database/TableQueries/TableQueries.tsx(370,24): error TS2339: Property 'name' does not exist on type 'Pick<unknown, never> | Pick<TableSearchSource, never> | Pick<TableColumnSearchSource, never> | Pick<TopicSearchSource, never> | ... 36 more ... | Pick<...>'.
  Property 'name' does not exist on type 'Pick<unknown, never>'.
src/components/Database/TableTags/TableTags.test.tsx(25,7): error TS2740: Type '{ 50: string; 100: string; 900: string; }' is missing the following properties from type 'ColorPalette': 25, 200, 300, 400, and 5 more.
src/components/DataContract/ContractSchemaFormTab/ContractScehmaFormTab.tsx(547,11): error TS2322: Type 'Column[] | Field[]' is not assignable to type 'readonly Column[] | undefined'.
  Type 'Field[]' is not assignable to type 'readonly Column[]'.
    Type 'Field' is not assignable to type 'Column'.
      Types of property 'dataType' are incompatible.
        Type 'DataTypeTopic' is not assignable to type 'DataType'.
src/components/DataContract/ContractSchemaFormTab/ContractScehmaFormTab.tsx(548,11): error TS2322: Type '{ rowExpandable: (record: Column) => boolean; onExpandedRowsChange: (keys: readonly Key[]) => void; expandedRowKeys: string[]; defaultExpandedRowKeys?: readonly Key[] | undefined; expandedRowRender?: ExpandedRowRender<...> | undefined; ... 11 more ...; fixed?: FixedType | undefined; }' is not assignable to type 'ExpandableConfig<Column>'.
  Types of property 'expandedRowRender' are incompatible.
    Type 'ExpandedRowRender<Field> | undefined' is not assignable to type 'ExpandedRowRender<Column> | undefined'.
      Type 'ExpandedRowRender<Field>' is not assignable to type 'ExpandedRowRender<Column>'.
        Type 'Column' is not assignable to type 'Field'.
          Types of property 'dataType' are incompatible.
            Type 'DataType' is not assignable to type 'DataTypeTopic'.
src/components/DataContract/ODCSImportModal/ODCSImportModal.component.tsx(1265,18): error TS18048: 'serverValidation.schemaValidation' is possibly 'undefined'.
src/components/DataContract/ODCSImportModal/ODCSImportModal.component.tsx(1265,18): error TS18048: 'serverValidation.schemaValidation.typeMismatchFields' is possibly 'undefined'.
src/components/DataProducts/InputOutputPortsTab/PortsLineageView/PortNode.component.tsx(47,31): error TS2322: Type '{ name: string; databaseSchema?: EntityReference | undefined; database?: EntityReference | undefined; service?: (EntityReference & EntityReference) | undefined; ... 13 more ...; owners?: Partial<...>[] | undefined; } | ... 11 more ... | { ...; }' is not assignable to type 'LineageNodeType'.
  Type '{ name: string; databaseSchema?: EntityReference | undefined; database?: EntityReference | undefined; service?: (EntityReference & EntityReference) | undefined; ... 13 more ...; owners?: Partial<...>[] | undefined; }' is missing the following properties from type 'LineageNodeType': type, columns, entityType
src/components/DataQuality/IncidentManager/DimensionalityTab/DimensionalityTab.tsx(270,10): error TS2604: JSX element type 'Trans' does not have any construct or call signatures.
src/components/DriveService/Directory/DirectoryChildrenTable/DirectoryChildrenTable.tsx(37,9): error TS2322: Type '(ColumnGroupType<{ description?: string | undefined; }> | ColumnType<{ description?: string | undefined; }> | { title: any; dataIndex: string; width: number; key: string; sorter: (a: EntityReference, b: EntityReference) => number; render: (_: any, record: EntityReference) => Element; })[]' is not assignable to type 'ColumnsType<EntityReference>'.
  Type 'ColumnGroupType<{ description?: string | undefined; }> | ColumnType<{ description?: string | undefined; }> | { title: any; dataIndex: string; width: number; key: string; sorter: (a: EntityReference, b: EntityReference) => number; render: (_: any, record: EntityReference) => Element; }' is not assignable to type 'ColumnGroupType<EntityReference> | ColumnType<EntityReference>'.
    Type 'ColumnGroupType<{ description?: string | undefined; }>' is not assignable to type 'ColumnGroupType<EntityReference> | ColumnType<EntityReference>'.
      Type 'ColumnGroupType<{ description?: string | undefined; }>' is not assignable to type 'ColumnGroupType<EntityReference>'.
        Types of property 'children' are incompatible.
          Type 'ColumnsType<{ description?: string | undefined; }>' is not assignable to type 'ColumnsType<EntityReference>'.
            Type 'ColumnGroupType<{ description?: string | undefined; }> | ColumnType<{ description?: string | undefined; }>' is not assignable to type 'ColumnGroupType<EntityReference> | ColumnType<EntityReference>'.
              Type 'ColumnType<{ description?: string | undefined; }>' is not assignable to type 'ColumnGroupType<EntityReference> | ColumnType<EntityReference>'.
                Type 'ColumnType<{ description?: string | undefined; }>' is not assignable to type 'ColumnType<EntityReference>'.
                  Types of property 'title' are incompatible.
                    Type 'ColumnTitle<{ description?: string | undefined; }>' is not assignable to type 'ColumnTitle<EntityReference>'.
                      Type '(props: ColumnTitleProps<{ description?: string | undefined; }>) => ReactNode' is not assignable to type 'ColumnTitle<EntityReference>'.
                        Type '(props: ColumnTitleProps<{ description?: string | undefined; }>) => ReactNode' is not assignable to type '(props: ColumnTitleProps<EntityReference>) => ReactNode'.
                          Types of parameters 'props' and 'props' are incompatible.
                            Type 'ColumnTitleProps<EntityReference>' is not assignable to type 'ColumnTitleProps<{ description?: string | undefined; }>'.
                              Types of property 'sortColumn' are incompatible.
                                Type 'ColumnType<EntityReference> | undefined' is not assignable to type 'ColumnType<{ description?: string | undefined; }> | undefined'.
                                  Type 'ColumnType<EntityReference>' is not assignable to type 'ColumnType<{ description?: string | undefined; }>'.
                                    Types of property 'title' are incompatible.
                                      Type 'ColumnTitle<EntityReference>' is not assignable to type 'ColumnTitle<{ description?: string | undefined; }>'.
                                        Type '(props: ColumnTitleProps<EntityReference>) => ReactNode' is not assignable to type 'ColumnTitle<{ description?: string | undefined; }>'.
                                          Type '(props: ColumnTitleProps<EntityReference>) => ReactNode' is not assignable to type '(props: ColumnTitleProps<{ description?: string | undefined; }>) => ReactNode'.
                                            Types of parameters 'props' and 'props' are incompatible.
                                              Type 'ColumnTitleProps<{ description?: string | undefined; }>' is not assignable to type 'ColumnTitleProps<EntityReference>'.
                                                Type '{ description?: string | undefined; }' is missing the following properties from type 'EntityReference': id, type
src/components/DriveService/Directory/DirectoryVersion/DirectoryVersion.tsx(140,9): error TS2322: Type '(ColumnGroupType<{ description?: string | undefined; }> | ColumnType<{ description?: string | undefined; }> | { title: any; dataIndex: string; key: string; render: (_: any, record: EntityReference) => Element; } | { ...; })[]' is not assignable to type 'ColumnsType<EntityReference>'.
  Type 'ColumnGroupType<{ description?: string | undefined; }> | ColumnType<{ description?: string | undefined; }> | { title: any; dataIndex: string; key: string; render: (_: any, record: EntityReference) => Element; } | { ...; }' is not assignable to type 'ColumnGroupType<EntityReference> | ColumnType<EntityReference>'.
    Type 'ColumnGroupType<{ description?: string | undefined; }>' is not assignable to type 'ColumnGroupType<EntityReference> | ColumnType<EntityReference>'.
      Type 'ColumnGroupType<{ description?: string | undefined; }>' is not assignable to type 'ColumnGroupType<EntityReference>'.
        Types of property 'children' are incompatible.
          Type 'ColumnsType<{ description?: string | undefined; }>' is not assignable to type 'ColumnsType<EntityReference>'.
            Type 'ColumnGroupType<{ description?: string | undefined; }> | ColumnType<{ description?: string | undefined; }>' is not assignable to type 'ColumnGroupType<EntityReference> | ColumnType<EntityReference>'.
              Type 'ColumnType<{ description?: string | undefined; }>' is not assignable to type 'ColumnGroupType<EntityReference> | ColumnType<EntityReference>'.
                Type 'ColumnType<{ description?: string | undefined; }>' is not assignable to type 'ColumnType<EntityReference>'.
                  Types of property 'title' are incompatible.
                    Type 'ColumnTitle<{ description?: string | undefined; }>' is not assignable to type 'ColumnTitle<EntityReference>'.
                      Type '(props: ColumnTitleProps<{ description?: string | undefined; }>) => ReactNode' is not assignable to type 'ColumnTitle<EntityReference>'.
                        Type '(props: ColumnTitleProps<{ description?: string | undefined; }>) => ReactNode' is not assignable to type '(props: ColumnTitleProps<EntityReference>) => ReactNode'.
                          Types of parameters 'props' and 'props' are incompatible.
                            Type 'ColumnTitleProps<EntityReference>' is not assignable to type 'ColumnTitleProps<{ description?: string | undefined; }>'.
                              Types of property 'sortColumn' are incompatible.
                                Type 'ColumnType<EntityReference> | undefined' is not assignable to type 'ColumnType<{ description?: string | undefined; }> | undefined'.
                                  Type 'ColumnType<EntityReference>' is not assignable to type 'ColumnType<{ description?: string | undefined; }>'.
                                    Types of property 'title' are incompatible.
                                      Type 'ColumnTitle<EntityReference>' is not assignable to type 'ColumnTitle<{ description?: string | undefined; }>'.
                                        Type '(props: ColumnTitleProps<EntityReference>) => ReactNode' is not assignable to type 'ColumnTitle<{ description?: string | undefined; }>'.
                                          Type '(props: ColumnTitleProps<EntityReference>) => ReactNode' is not assignable to type '(props: ColumnTitleProps<{ description?: string | undefined; }>) => ReactNode'.
                                            Types of parameters 'props' and 'props' are incompatible.
                                              Type 'ColumnTitleProps<{ description?: string | undefined; }>' is not assignable to type 'ColumnTitleProps<EntityReference>'.
                                                Type '{ description?: string | undefined; }' is missing the following properties from type 'EntityReference': id, type
src/components/DriveService/File/FilesTable/FilesTable.test.tsx(160,7): error TS2739: Type '{ showDeleted: false; handleShowDeleted: Mock<any, any>; paging: UsePagingInterface; handlePageChange: Mock<any, any>; files: File[]; isLoading: false; }' is missing the following properties from type 'FilesTableProps': setFiles, setIsLoading, serviceFqn
src/components/DriveService/File/FilesTable/FilesTable.tsx(176,7): error TS2322: Type 'ColumnsType<ServicePageData>' is not assignable to type '(ColumnGroupType<File> | ColumnType<File>)[]'.
  Type 'ColumnGroupType<ServicePageData> | ColumnType<ServicePageData>' is not assignable to type 'ColumnGroupType<File> | ColumnType<File>'.
    Type 'ColumnGroupType<ServicePageData>' is not assignable to type 'ColumnGroupType<File> | ColumnType<File>'.
      Type 'ColumnGroupType<ServicePageData>' is not assignable to type 'ColumnGroupType<File>'.
        Types of property 'title' are incompatible.
          Type 'ColumnTitle<ServicePageData>' is not assignable to type 'ColumnTitle<File>'.
            Type '(props: ColumnTitleProps<ServicePageData>) => ReactNode' is not assignable to type 'ColumnTitle<File>'.
              Type '(props: ColumnTitleProps<ServicePageData>) => ReactNode' is not assignable to type '(props: ColumnTitleProps<File>) => ReactNode'.
                Types of parameters 'props' and 'props' are incompatible.
                  Type 'ColumnTitleProps<File>' is not assignable to type 'ColumnTitleProps<ServicePageData>'.
                    Types of property 'sortColumn' are incompatible.
                      Type 'ColumnType<File> | undefined' is not assignable to type 'ColumnType<ServicePageData> | undefined'.
                        Type 'ColumnType<File>' is not assignable to type 'ColumnType<ServicePageData>'.
                          Types of property 'title' are incompatible.
                            Type 'ColumnTitle<File>' is not assignable to type 'ColumnTitle<ServicePageData>'.
                              Type '(props: ColumnTitleProps<File>) => ReactNode' is not assignable to type 'ColumnTitle<ServicePageData>'.
                                Type '(props: ColumnTitleProps<File>) => ReactNode' is not assignable to type '(props: ColumnTitleProps<ServicePageData>) => ReactNode'.
                                  Types of parameters 'props' and 'props' are incompatible.
                                    Type 'ColumnTitleProps<ServicePageData>' is not assignable to type 'ColumnTitleProps<File>'.
                                      Types of property 'sortColumn' are incompatible.
                                        Type 'ColumnType<ServicePageData> | undefined' is not assignable to type 'ColumnType<File> | undefined'.
                                          Type 'ColumnType<ServicePageData>' is not assignable to type 'ColumnType<File>'.
                                            Types of property 'render' are incompatible.
                                              Type '((value: any, record: ServicePageData, index: number) => ReactNode | RenderedCell<ServicePageData>) | undefined' is not assignable to type '((value: any, record: File, index: number) => ReactNode | RenderedCell<File>) | undefined'.
                                                Type '(value: any, record: ServicePageData, index: number) => ReactNode | RenderedCell<ServicePageData>' is not assignable to type '(value: any, record: File, index: number) => ReactNode | RenderedCell<File>'.
                                                  Type 'ReactNode | RenderedCell<ServicePageData>' is not assignable to type 'ReactNode | RenderedCell<File>'.
                                                    Type 'RenderedCell<ServicePageData>' is not assignable to type 'ReactNode | RenderedCell<File>'.
                                                      Type 'RenderedCell<ServicePageData>' is not assignable to type 'RenderedCell<File>'.
                                                        Types of property 'props' are incompatible.
                                                          Type 'CellType<ServicePageData> | undefined' is not assignable to type 'CellType<File> | undefined'.
                                                            Type 'CellType<ServicePageData>' is not assignable to type 'CellType<File>'.
                                                              Types of property 'column' are incompatible.
                                                                Type 'ColumnType<ServicePageData> | ColumnGroupType<ServicePageData> | undefined' is not assignable to type 'ColumnType<File> | ColumnGroupType<File> | undefined'.
                                                                  Type 'ColumnType<ServicePageData>' is not assignable to type 'ColumnType<File> | ColumnGroupType<File> | undefined'.
                                                                    Type 'ColumnType<ServicePageData>' is not assignable to type 'ColumnType<File>'.
                                                                      Types of property 'onHeaderCell' are incompatible.
                                                                        Type 'GetComponentProps<ColumnType<ServicePageData> | ColumnGroupType<ServicePageData>> | undefined' is not assignable to type 'GetComponentProps<ColumnType<File> | ColumnGroupType<File>> | undefined'.
                                                                          Type 'GetComponentProps<ColumnType<ServicePageData> | ColumnGroupType<ServicePageData>>' is not assignable to type 'GetComponentProps<ColumnType<File> | ColumnGroupType<File>>'.
                                                                            Type 'ColumnType<File> | ColumnGroupType<File>' is not assignable to type 'ColumnType<ServicePageData> | ColumnGroupType<ServicePageData>'.
                                                                              Type 'ColumnType<File>' is not assignable to type 'ColumnType<ServicePageData> | ColumnGroupType<ServicePageData>'.
                                                                                Type 'ColumnType<File>' is not assignable to type 'ColumnType<ServicePageData>'.
                                                                                  Types of property 'render' are incompatible.
                                                                                    Type '((value: any, record: File, index: number) => ReactNode | RenderedCell<File>) | undefined' is not assignable to type '((value: any, record: ServicePageData, index: number) => ReactNode | RenderedCell<ServicePageData>) | undefined'.
                                                                                      Type '(value: any, record: File, index: number) => ReactNode | RenderedCell<File>' is not assignable to type '(value: any, record: ServicePageData, index: number) => ReactNode | RenderedCell<ServicePageData>'.
                                                                                        Types of parameters 'record' and 'record' are incompatible.
                                                                                          Type 'ServicePageData' is not assignable to type 'File'.
                                                                                            Type 'APICollection' is not assignable to type 'File'.
                                                                                              Types of property 'serviceType' are incompatible.
                                                                                                Type 'APIServiceType | undefined' is not assignable to type 'DriveServiceType | undefined'.
                                                                                                  Type 'APIServiceType.REST' is not assignable to type 'DriveServiceType | undefined'.
src/components/DriveService/Spreadsheet/SpreadsheetsTable/SpreadsheetsTable.test.tsx(163,7): error TS2739: Type '{ showDeleted: false; handleShowDeleted: Mock<any, any>; paging: UsePagingInterface; handlePageChange: Mock<any, any>; spreadsheets: Spreadsheet[]; isLoading: false; }' is missing the following properties from type 'SpreadsheetsTableProps': setSpreadsheets, setIsLoading, serviceFqn
src/components/DriveService/Spreadsheet/SpreadsheetsTable/SpreadsheetsTable.tsx(178,7): error TS2322: Type 'ColumnsType<ServicePageData>' is not assignable to type '(ColumnGroupType<Spreadsheet> | ColumnType<Spreadsheet>)[]'.
  Type 'ColumnGroupType<ServicePageData> | ColumnType<ServicePageData>' is not assignable to type 'ColumnGroupType<Spreadsheet> | ColumnType<Spreadsheet>'.
    Type 'ColumnGroupType<ServicePageData>' is not assignable to type 'ColumnGroupType<Spreadsheet> | ColumnType<Spreadsheet>'.
      Type 'ColumnGroupType<ServicePageData>' is not assignable to type 'ColumnGroupType<Spreadsheet>'.
        Types of property 'title' are incompatible.
          Type 'ColumnTitle<ServicePageData>' is not assignable to type 'ColumnTitle<Spreadsheet>'.
            Type '(props: ColumnTitleProps<ServicePageData>) => ReactNode' is not assignable to type 'ColumnTitle<Spreadsheet>'.
              Type '(props: ColumnTitleProps<ServicePageData>) => ReactNode' is not assignable to type '(props: ColumnTitleProps<Spreadsheet>) => ReactNode'.
                Types of parameters 'props' and 'props' are incompatible.
                  Type 'ColumnTitleProps<Spreadsheet>' is not assignable to type 'ColumnTitleProps<ServicePageData>'.
                    Types of property 'sortColumn' are incompatible.
                      Type 'ColumnType<Spreadsheet> | undefined' is not assignable to type 'ColumnType<ServicePageData> | undefined'.
                        Type 'ColumnType<Spreadsheet>' is not assignable to type 'ColumnType<ServicePageData>'.
                          Types of property 'title' are incompatible.
                            Type 'ColumnTitle<Spreadsheet>' is not assignable to type 'ColumnTitle<ServicePageData>'.
                              Type '(props: ColumnTitleProps<Spreadsheet>) => ReactNode' is not assignable to type 'ColumnTitle<ServicePageData>'.
                                Type '(props: ColumnTitleProps<Spreadsheet>) => ReactNode' is not assignable to type '(props: ColumnTitleProps<ServicePageData>) => ReactNode'.
                                  Types of parameters 'props' and 'props' are incompatible.
                                    Type 'ColumnTitleProps<ServicePageData>' is not assignable to type 'ColumnTitleProps<Spreadsheet>'.
                                      Types of property 'sortColumn' are incompatible.
                                        Type 'ColumnType<ServicePageData> | undefined' is not assignable to type 'ColumnType<Spreadsheet> | undefined'.
                                          Type 'ColumnType<ServicePageData>' is not assignable to type 'ColumnType<Spreadsheet>'.
                                            Types of property 'render' are incompatible.
                                              Type '((value: any, record: ServicePageData, index: number) => ReactNode | RenderedCell<ServicePageData>) | undefined' is not assignable to type '((value: any, record: Spreadsheet, index: number) => ReactNode | RenderedCell<Spreadsheet>) | undefined'.
                                                Type '(value: any, record: ServicePageData, index: number) => ReactNode | RenderedCell<ServicePageData>' is not assignable to type '(value: any, record: Spreadsheet, index: number) => ReactNode | RenderedCell<Spreadsheet>'.
                                                  Type 'ReactNode | RenderedCell<ServicePageData>' is not assignable to type 'ReactNode | RenderedCell<Spreadsheet>'.
                                                    Type 'RenderedCell<ServicePageData>' is not assignable to type 'ReactNode | RenderedCell<Spreadsheet>'.
                                                      Type 'RenderedCell<ServicePageData>' is not assignable to type 'RenderedCell<Spreadsheet>'.
                                                        Types of property 'props' are incompatible.
                                                          Type 'CellType<ServicePageData> | undefined' is not assignable to type 'CellType<Spreadsheet> | undefined'.
                                                            Type 'CellType<ServicePageData>' is not assignable to type 'CellType<Spreadsheet>'.
                                                              Types of property 'column' are incompatible.
                                                                Type 'ColumnType<ServicePageData> | ColumnGroupType<ServicePageData> | undefined' is not assignable to type 'ColumnType<Spreadsheet> | ColumnGroupType<Spreadsheet> | undefined'.
                                                                  Type 'ColumnType<ServicePageData>' is not assignable to type 'ColumnType<Spreadsheet> | ColumnGroupType<Spreadsheet> | undefined'.
                                                                    Type 'ColumnType<ServicePageData>' is not assignable to type 'ColumnType<Spreadsheet>'.
                                                                      Types of property 'onHeaderCell' are incompatible.
                                                                        Type 'GetComponentProps<ColumnType<ServicePageData> | ColumnGroupType<ServicePageData>> | undefined' is not assignable to type 'GetComponentProps<ColumnType<Spreadsheet> | ColumnGroupType<Spreadsheet>> | undefined'.
                                                                          Type 'GetComponentProps<ColumnType<ServicePageData> | ColumnGroupType<ServicePageData>>' is not assignable to type 'GetComponentProps<ColumnType<Spreadsheet> | ColumnGroupType<Spreadsheet>>'.
                                                                            Type 'ColumnType<Spreadsheet> | ColumnGroupType<Spreadsheet>' is not assignable to type 'ColumnType<ServicePageData> | ColumnGroupType<ServicePageData>'.
                                                                              Type 'ColumnType<Spreadsheet>' is not assignable to type 'ColumnType<ServicePageData> | ColumnGroupType<ServicePageData>'.
                                                                                Type 'ColumnType<Spreadsheet>' is not assignable to type 'ColumnType<ServicePageData>'.
                                                                                  Types of property 'render' are incompatible.
                                                                                    Type '((value: any, record: Spreadsheet, index: number) => ReactNode | RenderedCell<Spreadsheet>) | undefined' is not assignable to type '((value: any, record: ServicePageData, index: number) => ReactNode | RenderedCell<ServicePageData>) | undefined'.
                                                                                      Type '(value: any, record: Spreadsheet, index: number) => ReactNode | RenderedCell<Spreadsheet>' is not assignable to type '(value: any, record: ServicePageData, index: number) => ReactNode | RenderedCell<ServicePageData>'.
                                                                                        Types of parameters 'record' and 'record' are incompatible.
                                                                                          Type 'ServicePageData' is not assignable to type 'Spreadsheet'.
                                                                                            Type 'APICollection' is not assignable to type 'Spreadsheet'.
                                                                                              Types of property 'serviceType' are incompatible.
                                                                                                Type 'APIServiceType | undefined' is not assignable to type 'DriveServiceType | undefined'.
                                                                                                  Type 'APIServiceType.REST' is not assignable to type 'DriveServiceType | undefined'.
src/components/DriveService/Spreadsheet/SpreadsheetVersion/SpreadsheetVersion.tsx(140,9): error TS2322: Type '(ColumnGroupType<{ description?: string | undefined; }> | ColumnType<{ description?: string | undefined; }> | { title: any; dataIndex: string; key: string; render: (_: any, record: EntityReference) => Element; })[]' is not assignable to type 'ColumnsType<EntityReference>'.
  Type 'ColumnGroupType<{ description?: string | undefined; }> | ColumnType<{ description?: string | undefined; }> | { title: any; dataIndex: string; key: string; render: (_: any, record: EntityReference) => Element; }' is not assignable to type 'ColumnGroupType<EntityReference> | ColumnType<EntityReference>'.
    Type 'ColumnGroupType<{ description?: string | undefined; }>' is not assignable to type 'ColumnGroupType<EntityReference> | ColumnType<EntityReference>'.
      Type 'ColumnGroupType<{ description?: string | undefined; }>' is not assignable to type 'ColumnGroupType<EntityReference>'.
        Types of property 'children' are incompatible.
          Type 'ColumnsType<{ description?: string | undefined; }>' is not assignable to type 'ColumnsType<EntityReference>'.
            Type 'ColumnGroupType<{ description?: string | undefined; }> | ColumnType<{ description?: string | undefined; }>' is not assignable to type 'ColumnGroupType<EntityReference> | ColumnType<EntityReference>'.
              Type 'ColumnType<{ description?: string | undefined; }>' is not assignable to type 'ColumnGroupType<EntityReference> | ColumnType<EntityReference>'.
                Type 'ColumnType<{ description?: string | undefined; }>' is not assignable to type 'ColumnType<EntityReference>'.
                  Types of property 'title' are incompatible.
                    Type 'ColumnTitle<{ description?: string | undefined; }>' is not assignable to type 'ColumnTitle<EntityReference>'.
                      Type '(props: ColumnTitleProps<{ description?: string | undefined; }>) => ReactNode' is not assignable to type 'ColumnTitle<EntityReference>'.
                        Type '(props: ColumnTitleProps<{ description?: string | undefined; }>) => ReactNode' is not assignable to type '(props: ColumnTitleProps<EntityReference>) => ReactNode'.
                          Types of parameters 'props' and 'props' are incompatible.
                            Type 'ColumnTitleProps<EntityReference>' is not assignable to type 'ColumnTitleProps<{ description?: string | undefined; }>'.
                              Types of property 'sortColumn' are incompatible.
                                Type 'ColumnType<EntityReference> | undefined' is not assignable to type 'ColumnType<{ description?: string | undefined; }> | undefined'.
                                  Type 'ColumnType<EntityReference>' is not assignable to type 'ColumnType<{ description?: string | undefined; }>'.
                                    Types of property 'title' are incompatible.
                                      Type 'ColumnTitle<EntityReference>' is not assignable to type 'ColumnTitle<{ description?: string | undefined; }>'.
                                        Type '(props: ColumnTitleProps<EntityReference>) => ReactNode' is not assignable to type 'ColumnTitle<{ description?: string | undefined; }>'.
                                          Type '(props: ColumnTitleProps<EntityReference>) => ReactNode' is not assignable to type '(props: ColumnTitleProps<{ description?: string | undefined; }>) => ReactNode'.
                                            Types of parameters 'props' and 'props' are incompatible.
                                              Type 'ColumnTitleProps<{ description?: string | undefined; }>' is not assignable to type 'ColumnTitleProps<EntityReference>'.
                                                Type '{ description?: string | undefined; }' is missing the following properties from type 'EntityReference': id, type
src/components/DriveService/Spreadsheet/WorkflowsTable/WorkflowsTable.tsx(34,9): error TS2322: Type '(ColumnGroupType<{ description?: string | undefined; }> | ColumnType<{ description?: string | undefined; }> | { title: any; dataIndex: string; width: number; key: string; sorter: (a: EntityReference, b: EntityReference) => number; render: (_: any, record: EntityReference) => Element; })[]' is not assignable to type 'ColumnsType<EntityReference>'.
  Type 'ColumnGroupType<{ description?: string | undefined; }> | ColumnType<{ description?: string | undefined; }> | { title: any; dataIndex: string; width: number; key: string; sorter: (a: EntityReference, b: EntityReference) => number; render: (_: any, record: EntityReference) => Element; }' is not assignable to type 'ColumnGroupType<EntityReference> | ColumnType<EntityReference>'.
    Type 'ColumnGroupType<{ description?: string | undefined; }>' is not assignable to type 'ColumnGroupType<EntityReference> | ColumnType<EntityReference>'.
      Type 'ColumnGroupType<{ description?: string | undefined; }>' is not assignable to type 'ColumnGroupType<EntityReference>'.
        Types of property 'children' are incompatible.
          Type 'ColumnsType<{ description?: string | undefined; }>' is not assignable to type 'ColumnsType<EntityReference>'.
            Type 'ColumnGroupType<{ description?: string | undefined; }> | ColumnType<{ description?: string | undefined; }>' is not assignable to type 'ColumnGroupType<EntityReference> | ColumnType<EntityReference>'.
              Type 'ColumnType<{ description?: string | undefined; }>' is not assignable to type 'ColumnGroupType<EntityReference> | ColumnType<EntityReference>'.
                Type 'ColumnType<{ description?: string | undefined; }>' is not assignable to type 'ColumnType<EntityReference>'.
                  Types of property 'title' are incompatible.
                    Type 'ColumnTitle<{ description?: string | undefined; }>' is not assignable to type 'ColumnTitle<EntityReference>'.
                      Type '(props: ColumnTitleProps<{ description?: string | undefined; }>) => ReactNode' is not assignable to type 'ColumnTitle<EntityReference>'.
                        Type '(props: ColumnTitleProps<{ description?: string | undefined; }>) => ReactNode' is not assignable to type '(props: ColumnTitleProps<EntityReference>) => ReactNode'.
                          Types of parameters 'props' and 'props' are incompatible.
                            Type 'ColumnTitleProps<EntityReference>' is not assignable to type 'ColumnTitleProps<{ description?: string | undefined; }>'.
                              Types of property 'sortColumn' are incompatible.
                                Type 'ColumnType<EntityReference> | undefined' is not assignable to type 'ColumnType<{ description?: string | undefined; }> | undefined'.
                                  Type 'ColumnType<EntityReference>' is not assignable to type 'ColumnType<{ description?: string | undefined; }>'.
                                    Types of property 'title' are incompatible.
                                      Type 'ColumnTitle<EntityReference>' is not assignable to type 'ColumnTitle<{ description?: string | undefined; }>'.
                                        Type '(props: ColumnTitleProps<EntityReference>) => ReactNode' is not assignable to type 'ColumnTitle<{ description?: string | undefined; }>'.
                                          Type '(props: ColumnTitleProps<EntityReference>) => ReactNode' is not assignable to type '(props: ColumnTitleProps<{ description?: string | undefined; }>) => ReactNode'.
                                            Types of parameters 'props' and 'props' are incompatible.
                                              Type 'ColumnTitleProps<{ description?: string | undefined; }>' is not assignable to type 'ColumnTitleProps<EntityReference>'.
                                                Type '{ description?: string | undefined; }' is missing the following properties from type 'EntityReference': id, type
src/components/Entity/EntityLineage/EdgeInteractionOverlay.component.test.tsx(70,5): error TS2322: Type 'Edge' is not assignable to type 'undefined'.
  Type 'DefaultEdge<any>' is not assignable to type 'undefined'.
src/components/Entity/EntityLineage/EdgeInteractionOverlay.component.test.tsx(87,5): error TS2322: Type 'Edge' is not assignable to type 'undefined'.
  Type 'DefaultEdge<any>' is not assignable to type 'undefined'.
src/components/Entity/EntityLineage/EdgeInteractionOverlay.component.test.tsx(102,5): error TS2322: Type 'Edge' is not assignable to type 'undefined'.
  Type 'DefaultEdge<any>' is not assignable to type 'undefined'.
src/components/Entity/EntityLineage/EdgeInteractionOverlay.component.test.tsx(114,5): error TS2322: Type 'Edge' is not assignable to type 'undefined'.
  Type 'DefaultEdge<any>' is not assignable to type 'undefined'.
src/components/Entity/EntityLineage/EdgeInteractionOverlay.component.test.tsx(130,5): error TS2322: Type 'Edge' is not assignable to type 'undefined'.
  Type 'DefaultEdge<any>' is not assignable to type 'undefined'.
src/components/Entity/EntityLineage/LineageNodeLabelV1.test.tsx(72,36): error TS7006: Parameter 'part' implicitly has an 'any' type.
src/components/Entity/EntityLineage/LineageNodeLabelV1.test.tsx(159,11): error TS2741: Property 'type' is missing in type '{ id: string; fullyQualifiedName: string; name: string; entityType: EntityType; deleted: boolean; columns: { name: string; dataType: string; fullyQualifiedName: string; }[]; }' but required in type 'LineageNodeType'.
src/components/Entity/EntityLineage/LineageNodeLabelV1.test.tsx(175,11): error TS2741: Property 'type' is missing in type '{ id: string; fullyQualifiedName: string; name: string; entityType: EntityType; deleted: boolean; columns: { name: string; dataType: string; fullyQualifiedName: string; }[]; }' but required in type 'LineageNodeType'.
src/components/Entity/EntityLineage/LineageNodeLabelV1.test.tsx(192,11): error TS2741: Property 'type' is missing in type '{ dataModel: { modelType: ModelType; resourceType: string; }; id: string; fullyQualifiedName: string; name: string; entityType: EntityType; deleted: boolean; columns: { ...; }[]; }' but required in type 'LineageNodeType'.
src/components/Entity/EntityLineage/LineageNodeLabelV1.test.tsx(203,11): error TS2741: Property 'type' is missing in type '{ dataModel: { modelType: ModelType; resourceType: string; }; id: string; fullyQualifiedName: string; name: string; entityType: EntityType; deleted: boolean; columns: { ...; }[]; }' but required in type 'LineageNodeType'.
src/components/Entity/EntityLineage/LineageNodeLabelV1.test.tsx(214,11): error TS2741: Property 'type' is missing in type '{ deleted: boolean; id: string; fullyQualifiedName: string; name: string; entityType: EntityType; columns: { name: string; dataType: string; fullyQualifiedName: string; }[]; }' but required in type 'LineageNodeType'.
src/components/Entity/EntityLineage/LineageNodeLabelV1.test.tsx(230,11): error TS2741: Property 'type' is missing in type '{ deleted: boolean; dataModel: { modelType: ModelType; resourceType: string; }; id: string; fullyQualifiedName: string; name: string; entityType: EntityType; columns: { ...; }[]; }' but required in type 'LineageNodeType'.
src/components/Entity/EntityLineage/LineageNodeLabelV1.test.tsx(242,11): error TS2741: Property 'type' is missing in type '{ id: string; fullyQualifiedName: string; name: string; entityType: EntityType; deleted: boolean; columns: { name: string; dataType: string; fullyQualifiedName: string; }[]; }' but required in type 'LineageNodeType'.
src/components/Entity/EntityLineage/LineageNodeLabelV1.test.tsx(255,11): error TS2741: Property 'type' is missing in type '{ id: string; fullyQualifiedName: string; name: string; entityType: EntityType; deleted: boolean; columns: { name: string; dataType: string; fullyQualifiedName: string; }[]; }' but required in type 'LineageNodeType'.
src/components/Entity/EntityLineage/LineageNodeLabelV1.test.tsx(270,11): error TS2741: Property 'type' is missing in type '{ id: string; fullyQualifiedName: string; name: string; entityType: EntityType; deleted: boolean; columns: never[]; }' but required in type 'LineageNodeType'.
src/components/Entity/EntityLineage/LineageNodeLabelV1.test.tsx(283,11): error TS2741: Property 'type' is missing in type '{ id: string; fullyQualifiedName: string; name: string; entityType: EntityType; deleted: boolean; columns: { name: string; dataType: string; fullyQualifiedName: string; }[]; }' but required in type 'LineageNodeType'.
src/components/Entity/EntityLineage/LineageNodeLabelV1.test.tsx(295,11): error TS2741: Property 'type' is missing in type '{ id: string; fullyQualifiedName: string; name: string; entityType: EntityType; deleted: boolean; columns: { name: string; dataType: string; fullyQualifiedName: string; }[]; }' but required in type 'LineageNodeType'.
src/components/Entity/EntityLineage/LineageNodeLabelV1.test.tsx(310,11): error TS2741: Property 'type' is missing in type '{ id: string; fullyQualifiedName: string; name: string; entityType: EntityType; deleted: boolean; columns: { name: string; dataType: string; fullyQualifiedName: string; }[]; }' but required in type 'LineageNodeType'.
src/components/Entity/EntityLineage/LineageNodeLabelV1.test.tsx(324,11): error TS2741: Property 'type' is missing in type '{ id: string; fullyQualifiedName: string; name: string; entityType: EntityType; deleted: boolean; columns: { name: string; dataType: string; fullyQualifiedName: string; }[]; }' but required in type 'LineageNodeType'.
src/components/Entity/EntityLineage/LineageNodeLabelV1.test.tsx(339,11): error TS2741: Property 'type' is missing in type '{ id: string; fullyQualifiedName: string; name: string; entityType: EntityType; deleted: boolean; columns: { name: string; dataType: string; fullyQualifiedName: string; }[]; }' but required in type 'LineageNodeType'.
src/components/Entity/EntityLineage/LineageNodeLabelV1.test.tsx(354,11): error TS2741: Property 'type' is missing in type '{ id: string; fullyQualifiedName: string; name: string; entityType: EntityType; deleted: boolean; columns: { name: string; dataType: string; fullyQualifiedName: string; }[]; }' but required in type 'LineageNodeType'.
src/components/Entity/EntityLineage/LineageNodeLabelV1.test.tsx(371,11): error TS2741: Property 'type' is missing in type '{ id: string; fullyQualifiedName: string; name: string; entityType: EntityType; deleted: boolean; columns: { name: string; dataType: string; fullyQualifiedName: string; }[]; }' but required in type 'LineageNodeType'.
src/components/Entity/EntityLineage/LineageNodeLabelV1.test.tsx(388,11): error TS2741: Property 'type' is missing in type '{ id: string; fullyQualifiedName: string; name: string; entityType: EntityType; deleted: boolean; columns: { name: string; dataType: string; fullyQualifiedName: string; }[]; }' but required in type 'LineageNodeType'.
src/components/Entity/EntityLineage/LineageNodeLabelV1.test.tsx(413,11): error TS2741: Property 'type' is missing in type '{ id: string; fullyQualifiedName: string; name: string; entityType: EntityType; deleted: boolean; columns: { name: string; dataType: string; fullyQualifiedName: string; }[]; }' but required in type 'LineageNodeType'.
src/components/Entity/EntityLineage/LineageNodeLabelV1.test.tsx(430,11): error TS2741: Property 'type' is missing in type '{ id: string; fullyQualifiedName: string; name: string; entityType: EntityType; deleted: boolean; columns: { name: string; dataType: string; fullyQualifiedName: string; }[]; }' but required in type 'LineageNodeType'.
src/components/Entity/EntityLineage/LineageNodeLabelV1.test.tsx(453,11): error TS2741: Property 'type' is missing in type '{ id: string; fullyQualifiedName: string; name: string; entityType: EntityType; deleted: boolean; columns: { name: string; dataType: string; fullyQualifiedName: string; }[]; }' but required in type 'LineageNodeType'.
src/components/Entity/EntityLineage/LineageNodeLabelV1.test.tsx(474,11): error TS2741: Property 'type' is missing in type '{ id: string; fullyQualifiedName: string; name: string; entityType: EntityType; deleted: boolean; columns: { name: string; dataType: string; fullyQualifiedName: string; }[]; }' but required in type 'LineageNodeType'.
src/components/Entity/EntityLineage/LineageNodeLabelV1.test.tsx(501,11): error TS2741: Property 'type' is missing in type '{ testSuite: { id: string; name: string; fullyQualifiedName: string; type: string; }; id: string; fullyQualifiedName: string; name: string; entityType: EntityType; deleted: boolean; columns: { ...; }[]; }' but required in type 'LineageNodeType'.
src/components/Entity/EntityLineage/LineageNodeLabelV1.test.tsx(517,11): error TS2741: Property 'type' is missing in type '{ testSuite: { id: string; name: string; fullyQualifiedName: string; type: string; }; id: string; fullyQualifiedName: string; name: string; entityType: EntityType; deleted: boolean; columns: { ...; }[]; }' but required in type 'LineageNodeType'.
src/components/Entity/EntityLineage/LineageNodeLabelV1.test.tsx(537,11): error TS2741: Property 'type' is missing in type '{ id: string; fullyQualifiedName: string; name: string; entityType: EntityType; deleted: boolean; columns: { name: string; dataType: string; fullyQualifiedName: string; }[]; }' but required in type 'LineageNodeType'.
src/components/Entity/EntityLineage/LineageNodeLabelV1.test.tsx(556,11): error TS2741: Property 'type' is missing in type '{ testSuite: { id: string; name: string; fullyQualifiedName: string; type: string; }; id: string; fullyQualifiedName: string; name: string; entityType: EntityType; deleted: boolean; columns: { ...; }[]; }' but required in type 'LineageNodeType'.
src/components/Entity/EntityLineage/LineageNodeLabelV1.test.tsx(574,11): error TS2741: Property 'type' is missing in type '{ testSuite: { id: string; name: string; fullyQualifiedName: string; type: string; }; id: string; fullyQualifiedName: string; name: string; entityType: EntityType; deleted: boolean; columns: { ...; }[]; }' but required in type 'LineageNodeType'.
src/components/Entity/EntityLineage/LineageNodeLabelV1.test.tsx(585,11): error TS2741: Property 'type' is missing in type '{ testSuite: { id: string; name: string; fullyQualifiedName: string; type: string; }; id: string; fullyQualifiedName: string; name: string; entityType: EntityType; deleted: boolean; columns: { ...; }[]; }' but required in type 'LineageNodeType'.
src/components/Entity/EntityLineage/LineageNodeLabelV1.test.tsx(603,11): error TS2741: Property 'type' is missing in type '{ fullyQualifiedName: string; id: string; name: string; entityType: EntityType; deleted: boolean; columns: { name: string; dataType: string; fullyQualifiedName: string; }[]; }' but required in type 'LineageNodeType'.
src/components/Entity/EntityLineage/LineageNodeLabelV1.test.tsx(621,11): error TS2741: Property 'type' is missing in type '{ name: string; id: string; fullyQualifiedName: string; entityType: EntityType; deleted: boolean; columns: { name: string; dataType: string; fullyQualifiedName: string; }[]; }' but required in type 'LineageNodeType'.
src/components/Entity/EntityLineage/LineageNodeLabelV1.test.tsx(634,11): error TS2741: Property 'type' is missing in type '{ id: string; fullyQualifiedName: string; name: string; entityType: EntityType; deleted: boolean; columns: { name: string; dataType: string; fullyQualifiedName: string; }[]; }' but required in type 'LineageNodeType'.
src/components/Entity/EntityLineage/LineageNodeLabelV1.test.tsx(649,11): error TS2741: Property 'type' is missing in type '{ id: string; fullyQualifiedName: string; name: string; entityType: EntityType; deleted: boolean; columns: { name: string; dataType: string; fullyQualifiedName: string; }[]; }' but required in type 'LineageNodeType'.
src/components/Entity/EntityLineage/LineageNodeLabelV1.test.tsx(672,11): error TS2741: Property 'type' is missing in type '{ columns: { name: string; dataType: string; fullyQualifiedName: string; }[]; id: string; fullyQualifiedName: string; name: string; entityType: EntityType; deleted: boolean; }' but required in type 'LineageNodeType'.
src/components/Entity/EntityLineage/LineageNodeLabelV1.test.tsx(690,11): error TS2741: Property 'type' is missing in type '{ entityType: string; tasks: { name: string; }[]; columns: undefined; id: string; fullyQualifiedName: string; name: string; deleted: boolean; }' but required in type 'LineageNodeType'.
src/components/Entity/EntityLineage/LineageNodeLabelV1.test.tsx(707,11): error TS2741: Property 'type' is missing in type '{ fullyQualifiedName: string; id: string; name: string; entityType: EntityType; deleted: boolean; columns: { name: string; dataType: string; fullyQualifiedName: string; }[]; }' but required in type 'LineageNodeType'.
src/components/Entity/EntityLineage/LineageNodeLabelV1.test.tsx(728,11): error TS2741: Property 'type' is missing in type '{ testSuite: { id: string; name: string; fullyQualifiedName: string; type: string; }; id: string; fullyQualifiedName: string; name: string; entityType: EntityType; deleted: boolean; columns: { ...; }[]; }' but required in type 'LineageNodeType'.
src/components/Entity/EntityLineage/LineageNodeLabelV1.test.tsx(755,11): error TS2741: Property 'type' is missing in type '{ id: string; fullyQualifiedName: string; name: string; entityType: EntityType; deleted: boolean; columns: { name: string; dataType: string; fullyQualifiedName: string; }[]; }' but required in type 'LineageNodeType'.
src/components/Entity/EntityLineage/LineageSearchSelect/LineageSearchSelect.tsx(77,31): error TS2345: Argument of type '(column: Column) => void' is not assignable to parameter of type '(value: EntityChildrenItem, index: number, array: EntityChildrenItem[]) => void'.
  Types of parameters 'column' and 'value' are incompatible.
    Type 'EntityChildrenItem' is not assignable to type 'Column'.
      Type 'Flatten<Field>' is not assignable to type 'Column'.
        Types of property 'children' are incompatible.
          Type 'Field[] | undefined' is not assignable to type 'Column[] | undefined'.
            Type 'Field[]' is not assignable to type 'Column[]'.
              Type 'Field' is not assignable to type 'Column'.
                Types of property 'dataType' are incompatible.
                  Type 'DataTypeTopic' is not assignable to type 'DataType'.
src/components/Entity/EntityLineage/LineageSearchSelect/LineageSearchSelect.tsx(106,24): error TS2345: Argument of type 'string | undefined' is not assignable to parameter of type 'string'.
  Type 'undefined' is not assignable to type 'string'.
src/components/Entity/EntityLineage/NodeChildren/VirtualColumnList.component.test.tsx(64,3): error TS2322: Type '"VARCHAR"' is not assignable to type 'DataType'.
src/components/Entity/VersionTable/VersionTable.component.tsx(237,9): error TS2322: Type '({ title: any; dataIndex: string; key: string; width: number; render: (name: T["name"], record: T) => Element; ellipsis?: undefined; onCell?: undefined; } | { title: any; dataIndex: string; ... 4 more ...; onCell?: undefined; } | { ...; } | { ...; })[]' is not assignable to type 'ColumnsType<T>'.
  Type '{ title: any; dataIndex: string; key: string; width: number; render: (name: T["name"], record: T) => Element; ellipsis?: undefined; onCell?: undefined; } | { title: any; dataIndex: string; ... 4 more ...; onCell?: undefined; } | { ...; } | { ...; }' is not assignable to type 'ColumnGroupType<T> | ColumnType<T>'.
    Type '{ title: any; dataIndex: string; key: string; width: number; onCell: () => { 'data-testid': string; }; render: (description: T["description"]) => JSX.Element; ellipsis?: undefined; }' is not assignable to type 'ColumnGroupType<T> | ColumnType<T>'.
      Type '{ title: any; dataIndex: string; key: string; width: number; onCell: () => { 'data-testid': string; }; render: (description: T["description"]) => JSX.Element; ellipsis?: undefined; }' is not assignable to type 'ColumnType<T>'.
        The types returned by 'onCell(...)' are incompatible between these types.
          Type '{ 'data-testid': string; }' is not assignable to type 'HTMLAttributes<any> | TdHTMLAttributes<any>'.
src/components/form/MUIAutocomplete/MUIAutocomplete.tsx(70,20): error TS2339: Property 'label' does not exist on type 'string'.
src/components/Glossary/AddGlossary/AddGlossary.component.tsx(338,23): error TS2322: Type 'EntityReference | EntityReference[]' is not assignable to type 'EntityReference[] | undefined'.
  Type 'EntityReference' is missing the following properties from type 'EntityReference[]': length, pop, push, concat, and 35 more.
src/components/Glossary/AddGlossaryTermForm/AddGlossaryTermForm.component.tsx(108,26): error TS2339: Property 'fullyQualifiedName' does not exist on type 'TermRelation'.
src/components/Glossary/AddGlossaryTermForm/AddGlossaryTermForm.component.tsx(109,18): error TS2339: Property 'id' does not exist on type 'TermRelation'.
src/components/Glossary/AddGlossaryTermForm/AddGlossaryTermForm.component.tsx(116,24): error TS2339: Property 'fullyQualifiedName' does not exist on type 'TermRelation'.
src/components/Glossary/AddGlossaryTermForm/AddGlossaryTermForm.component.tsx(117,16): error TS2339: Property 'id' does not exist on type 'TermRelation'.
src/components/Glossary/AddGlossaryTermForm/AddGlossaryTermForm.component.tsx(158,50): error TS2339: Property 'fullyQualifiedName' does not exist on type 'TermRelation'.
src/components/Glossary/AddGlossaryTermForm/AddGlossaryTermForm.component.tsx(268,23): error TS2339: Property 'fullyQualifiedName' does not exist on type 'TermRelation'.
src/components/Glossary/AddGlossaryTermForm/AddGlossaryTermForm.component.tsx(269,23): error TS2339: Property 'fullyQualifiedName' does not exist on type 'TermRelation'.
src/components/Glossary/GlossaryTermTab/GlossaryTermTab.component.tsx(216,9): error TS2322: Type '(ModifiedGlossary | { children: GlossaryTermWithChildren[]; hasMoreChildren: boolean; childrenPagingAfter: any; changeDescription?: ChangeDescription | undefined; ... 26 more ...; childrenCount?: number | undefined; } | { ...; })[]' is not assignable to type 'ModifiedGlossary[]'.
  Type 'ModifiedGlossary | { children: GlossaryTermWithChildren[]; hasMoreChildren: boolean; childrenPagingAfter: any; changeDescription?: ChangeDescription | undefined; ... 26 more ...; childrenCount?: number | undefined; } | { ...; }' is not assignable to type 'ModifiedGlossary'.
    Type '{ children: ModifiedGlossaryTerm[]; changeDescription?: ChangeDescription; dataContract?: EntityReference; ... 25 more ...; childrenCount?: number; }' is not assignable to type 'ModifiedGlossary'.
      Type '{ children: ModifiedGlossaryTerm[]; changeDescription?: ChangeDescription; dataContract?: EntityReference; ... 25 more ...; childrenCount?: number; }' is not assignable to type '{ children?: GlossaryTermWithChildren[] | undefined; childrenCount?: number | undefined; termCount?: number | undefined; }'.
        Types of property 'children' are incompatible.
          Type 'ModifiedGlossaryTerm[]' is not assignable to type 'GlossaryTermWithChildren[]'.
            Type 'ModifiedGlossaryTerm' is not assignable to type 'GlossaryTermWithChildren'.
              Type 'ModifiedGlossaryTerm' is not assignable to type '{ children?: GlossaryTerm[] | undefined; }'.
                Types of property 'children' are incompatible.
                  Type 'ModifiedGlossaryTerm[] | undefined' is not assignable to type 'GlossaryTerm[] | undefined'.
                    Type 'ModifiedGlossaryTerm[]' is not assignable to type 'GlossaryTerm[]'.
                      Type 'ModifiedGlossaryTerm' is not assignable to type 'GlossaryTerm'.
                        Types of property 'children' are incompatible.
                          Type 'ModifiedGlossaryTerm[] | undefined' is not assignable to type 'EntityReference[] | undefined'.
                            Type 'ModifiedGlossaryTerm[]' is not assignable to type 'EntityReference[]'.
                              Property 'type' is missing in type 'ModifiedGlossaryTerm' but required in type 'EntityReference'.
src/components/Glossary/GlossaryTermTab/GlossaryTermTab.test.tsx(121,12): error TS7053: Element implicitly has an 'any' type because expression of type 'any' can't be used to index type '{ Draft: string; InReview: string; Rejected: string; Approved: string; Deprecated: string; }'.
src/components/Glossary/GlossaryTermTab/GlossaryTermTab.test.tsx(301,7): error TS2322: Type '{ id: string; name: string; displayName: string; description: string; fullyQualifiedName: string; synonyms: never[]; glossary: { id: string; type: string; name: string; description: string; displayName: string; deleted: boolean; }; ... 10 more ...; deleted: boolean; }[]' is not assignable to type 'ModifiedGlossaryTerm[]'.
  Type '{ id: string; name: string; displayName: string; description: string; fullyQualifiedName: string; synonyms: never[]; glossary: { id: string; type: string; name: string; description: string; displayName: string; deleted: boolean; }; ... 10 more ...; deleted: boolean; }' is not assignable to type 'ModifiedGlossaryTerm'.
    Type '{ id: string; name: string; displayName: string; description: string; fullyQualifiedName: string; synonyms: never[]; glossary: { id: string; type: string; name: string; description: string; displayName: string; deleted: boolean; }; ... 10 more ...; deleted: boolean; }' is not assignable to type '{ children?: ModifiedGlossaryTerm[] | undefined; value?: string | undefined; data?: TagLabel | undefined; hasMoreChildren?: boolean | undefined; childrenPagingAfter?: string | undefined; isLoadMoreButton?: boolean | undefined; parentRecord?: ModifiedGlossaryTerm | undefined; level?: number | undefined; }'.
      Types of property 'children' are incompatible.
        Type '{ id: string; name: string; displayName: string; description: string; fullyQualifiedName: string; synonyms: string[]; childrenCount: number; children: { id: string; name: string; displayName: string; ... 5 more ...; entityStatus: EntityStatus; }[]; entityStatus: EntityStatus; }[]' is not assignable to type 'ModifiedGlossaryTerm[]'.
          Type '{ id: string; name: string; displayName: string; description: string; fullyQualifiedName: string; synonyms: string[]; childrenCount: number; children: { id: string; name: string; displayName: string; ... 5 more ...; entityStatus: EntityStatus; }[]; entityStatus: EntityStatus; }' is not assignable to type 'ModifiedGlossaryTerm'.
            Property 'glossary' is missing in type '{ id: string; name: string; displayName: string; description: string; fullyQualifiedName: string; synonyms: string[]; childrenCount: number; children: { id: string; name: string; displayName: string; ... 5 more ...; entityStatus: EntityStatus; }[]; entityStatus: EntityStatus; }' but required in type 'Omit<GlossaryTerm, "children">'.
src/components/Glossary/GlossaryTermTab/GlossaryTermTab.test.tsx(382,7): error TS2322: Type '{ id: string; name: string; displayName: string; description: string; fullyQualifiedName: string; synonyms: never[]; glossary: { id: string; type: string; name: string; description: string; displayName: string; deleted: boolean; }; ... 10 more ...; deleted: boolean; }[]' is not assignable to type 'ModifiedGlossaryTerm[]'.
  Type '{ id: string; name: string; displayName: string; description: string; fullyQualifiedName: string; synonyms: never[]; glossary: { id: string; type: string; name: string; description: string; displayName: string; deleted: boolean; }; ... 10 more ...; deleted: boolean; }' is not assignable to type 'ModifiedGlossaryTerm'.
    Type '{ id: string; name: string; displayName: string; description: string; fullyQualifiedName: string; synonyms: never[]; glossary: { id: string; type: string; name: string; description: string; displayName: string; deleted: boolean; }; ... 10 more ...; deleted: boolean; }' is not assignable to type '{ children?: ModifiedGlossaryTerm[] | undefined; value?: string | undefined; data?: TagLabel | undefined; hasMoreChildren?: boolean | undefined; childrenPagingAfter?: string | undefined; isLoadMoreButton?: boolean | undefined; parentRecord?: ModifiedGlossaryTerm | undefined; level?: number | undefined; }'.
      Types of property 'children' are incompatible.
        Type '{ id: string; name: string; displayName: string; description: string; fullyQualifiedName: string; synonyms: string[]; childrenCount: number; children: { id: string; name: string; displayName: string; ... 5 more ...; entityStatus: EntityStatus; }[]; entityStatus: EntityStatus; }[]' is not assignable to type 'ModifiedGlossaryTerm[]'.
          Type '{ id: string; name: string; displayName: string; description: string; fullyQualifiedName: string; synonyms: string[]; childrenCount: number; children: { id: string; name: string; displayName: string; ... 5 more ...; entityStatus: EntityStatus; }[]; entityStatus: EntityStatus; }' is not assignable to type 'ModifiedGlossaryTerm'.
            Property 'glossary' is missing in type '{ id: string; name: string; displayName: string; description: string; fullyQualifiedName: string; synonyms: string[]; childrenCount: number; children: { id: string; name: string; displayName: string; ... 5 more ...; entityStatus: EntityStatus; }[]; entityStatus: EntityStatus; }' but required in type 'Omit<GlossaryTerm, "children">'.
src/components/Glossary/GlossaryTermTab/GlossaryTermTab.test.tsx(416,7): error TS2322: Type '{ id: string; name: string; displayName: string; description: string; fullyQualifiedName: string; synonyms: never[]; glossary: { id: string; type: string; name: string; description: string; displayName: string; deleted: boolean; }; ... 10 more ...; deleted: boolean; }[]' is not assignable to type 'ModifiedGlossaryTerm[]'.
  Type '{ id: string; name: string; displayName: string; description: string; fullyQualifiedName: string; synonyms: never[]; glossary: { id: string; type: string; name: string; description: string; displayName: string; deleted: boolean; }; ... 10 more ...; deleted: boolean; }' is not assignable to type 'ModifiedGlossaryTerm'.
    Type '{ id: string; name: string; displayName: string; description: string; fullyQualifiedName: string; synonyms: never[]; glossary: { id: string; type: string; name: string; description: string; displayName: string; deleted: boolean; }; ... 10 more ...; deleted: boolean; }' is not assignable to type '{ children?: ModifiedGlossaryTerm[] | undefined; value?: string | undefined; data?: TagLabel | undefined; hasMoreChildren?: boolean | undefined; childrenPagingAfter?: string | undefined; isLoadMoreButton?: boolean | undefined; parentRecord?: ModifiedGlossaryTerm | undefined; level?: number | undefined; }'.
      Types of property 'children' are incompatible.
        Type '{ id: string; name: string; displayName: string; description: string; fullyQualifiedName: string; synonyms: string[]; childrenCount: number; children: { id: string; name: string; displayName: string; ... 5 more ...; entityStatus: EntityStatus; }[]; entityStatus: EntityStatus; }[]' is not assignable to type 'ModifiedGlossaryTerm[]'.
          Type '{ id: string; name: string; displayName: string; description: string; fullyQualifiedName: string; synonyms: string[]; childrenCount: number; children: { id: string; name: string; displayName: string; ... 5 more ...; entityStatus: EntityStatus; }[]; entityStatus: EntityStatus; }' is not assignable to type 'ModifiedGlossaryTerm'.
            Property 'glossary' is missing in type '{ id: string; name: string; displayName: string; description: string; fullyQualifiedName: string; synonyms: string[]; childrenCount: number; children: { id: string; name: string; displayName: string; ... 5 more ...; entityStatus: EntityStatus; }[]; entityStatus: EntityStatus; }' but required in type 'Omit<GlossaryTerm, "children">'.
src/components/Glossary/GlossaryTermTab/GlossaryTermTab.test.tsx(499,7): error TS2322: Type '{ id: string; name: string; displayName: string; description: string; fullyQualifiedName: string; synonyms: never[]; glossary: { id: string; type: string; name: string; description: string; displayName: string; deleted: boolean; }; ... 10 more ...; deleted: boolean; }[]' is not assignable to type 'ModifiedGlossaryTerm[]'.
  Type '{ id: string; name: string; displayName: string; description: string; fullyQualifiedName: string; synonyms: never[]; glossary: { id: string; type: string; name: string; description: string; displayName: string; deleted: boolean; }; ... 10 more ...; deleted: boolean; }' is not assignable to type 'ModifiedGlossaryTerm'.
    Type '{ id: string; name: string; displayName: string; description: string; fullyQualifiedName: string; synonyms: never[]; glossary: { id: string; type: string; name: string; description: string; displayName: string; deleted: boolean; }; ... 10 more ...; deleted: boolean; }' is not assignable to type '{ children?: ModifiedGlossaryTerm[] | undefined; value?: string | undefined; data?: TagLabel | undefined; hasMoreChildren?: boolean | undefined; childrenPagingAfter?: string | undefined; isLoadMoreButton?: boolean | undefined; parentRecord?: ModifiedGlossaryTerm | undefined; level?: number | undefined; }'.
      Types of property 'children' are incompatible.
        Type '{ id: string; name: string; displayName: string; description: string; fullyQualifiedName: string; synonyms: string[]; childrenCount: number; children: { id: string; name: string; displayName: string; ... 5 more ...; entityStatus: EntityStatus; }[]; entityStatus: EntityStatus; }[]' is not assignable to type 'ModifiedGlossaryTerm[]'.
          Type '{ id: string; name: string; displayName: string; description: string; fullyQualifiedName: string; synonyms: string[]; childrenCount: number; children: { id: string; name: string; displayName: string; ... 5 more ...; entityStatus: EntityStatus; }[]; entityStatus: EntityStatus; }' is not assignable to type 'ModifiedGlossaryTerm'.
            Property 'glossary' is missing in type '{ id: string; name: string; displayName: string; description: string; fullyQualifiedName: string; synonyms: string[]; childrenCount: number; children: { id: string; name: string; displayName: string; ... 5 more ...; entityStatus: EntityStatus; }[]; entityStatus: EntityStatus; }' but required in type 'Omit<GlossaryTerm, "children">'.
src/components/Glossary/GlossaryTermTab/GlossaryTermTab.test.tsx(555,7): error TS2322: Type '{ id: string; name: string; displayName: string; description: string; fullyQualifiedName: string; synonyms: never[]; glossary: { id: string; type: string; name: string; description: string; displayName: string; deleted: boolean; }; ... 10 more ...; deleted: boolean; }[]' is not assignable to type 'ModifiedGlossaryTerm[]'.
  Type '{ id: string; name: string; displayName: string; description: string; fullyQualifiedName: string; synonyms: never[]; glossary: { id: string; type: string; name: string; description: string; displayName: string; deleted: boolean; }; ... 10 more ...; deleted: boolean; }' is not assignable to type 'ModifiedGlossaryTerm'.
    Type '{ id: string; name: string; displayName: string; description: string; fullyQualifiedName: string; synonyms: never[]; glossary: { id: string; type: string; name: string; description: string; displayName: string; deleted: boolean; }; ... 10 more ...; deleted: boolean; }' is not assignable to type '{ children?: ModifiedGlossaryTerm[] | undefined; value?: string | undefined; data?: TagLabel | undefined; hasMoreChildren?: boolean | undefined; childrenPagingAfter?: string | undefined; isLoadMoreButton?: boolean | undefined; parentRecord?: ModifiedGlossaryTerm | undefined; level?: number | undefined; }'.
      Types of property 'children' are incompatible.
        Type '{ id: string; name: string; displayName: string; description: string; fullyQualifiedName: string; synonyms: string[]; childrenCount: number; children: { id: string; name: string; displayName: string; ... 5 more ...; entityStatus: EntityStatus; }[]; entityStatus: EntityStatus; }[]' is not assignable to type 'ModifiedGlossaryTerm[]'.
          Type '{ id: string; name: string; displayName: string; description: string; fullyQualifiedName: string; synonyms: string[]; childrenCount: number; children: { id: string; name: string; displayName: string; ... 5 more ...; entityStatus: EntityStatus; }[]; entityStatus: EntityStatus; }' is not assignable to type 'ModifiedGlossaryTerm'.
            Property 'glossary' is missing in type '{ id: string; name: string; displayName: string; description: string; fullyQualifiedName: string; synonyms: string[]; childrenCount: number; children: { id: string; name: string; displayName: string; ... 5 more ...; entityStatus: EntityStatus; }[]; entityStatus: EntityStatus; }' but required in type 'Omit<GlossaryTerm, "children">'.
src/components/Glossary/GlossaryTermTab/GlossaryTermTab.test.tsx(585,7): error TS2322: Type '{ id: string; name: string; displayName: string; description: string; fullyQualifiedName: string; synonyms: never[]; glossary: { id: string; type: string; name: string; description: string; displayName: string; deleted: boolean; }; ... 10 more ...; deleted: boolean; }[]' is not assignable to type 'ModifiedGlossaryTerm[]'.
  Type '{ id: string; name: string; displayName: string; description: string; fullyQualifiedName: string; synonyms: never[]; glossary: { id: string; type: string; name: string; description: string; displayName: string; deleted: boolean; }; ... 10 more ...; deleted: boolean; }' is not assignable to type 'ModifiedGlossaryTerm'.
    Type '{ id: string; name: string; displayName: string; description: string; fullyQualifiedName: string; synonyms: never[]; glossary: { id: string; type: string; name: string; description: string; displayName: string; deleted: boolean; }; ... 10 more ...; deleted: boolean; }' is not assignable to type '{ children?: ModifiedGlossaryTerm[] | undefined; value?: string | undefined; data?: TagLabel | undefined; hasMoreChildren?: boolean | undefined; childrenPagingAfter?: string | undefined; isLoadMoreButton?: boolean | undefined; parentRecord?: ModifiedGlossaryTerm | undefined; level?: number | undefined; }'.
      Types of property 'children' are incompatible.
        Type '{ id: string; name: string; displayName: string; description: string; fullyQualifiedName: string; synonyms: string[]; childrenCount: number; children: { id: string; name: string; displayName: string; ... 5 more ...; entityStatus: EntityStatus; }[]; entityStatus: EntityStatus; }[]' is not assignable to type 'ModifiedGlossaryTerm[]'.
          Type '{ id: string; name: string; displayName: string; description: string; fullyQualifiedName: string; synonyms: string[]; childrenCount: number; children: { id: string; name: string; displayName: string; ... 5 more ...; entityStatus: EntityStatus; }[]; entityStatus: EntityStatus; }' is not assignable to type 'ModifiedGlossaryTerm'.
            Property 'glossary' is missing in type '{ id: string; name: string; displayName: string; description: string; fullyQualifiedName: string; synonyms: string[]; childrenCount: number; children: { id: string; name: string; displayName: string; ... 5 more ...; entityStatus: EntityStatus; }[]; entityStatus: EntityStatus; }' but required in type 'Omit<GlossaryTerm, "children">'.
src/components/Glossary/GlossaryTermTab/GlossaryTermTab.test.tsx(606,7): error TS2322: Type '{ id: string; name: string; displayName: string; description: string; fullyQualifiedName: string; synonyms: never[]; glossary: { id: string; type: string; name: string; description: string; displayName: string; deleted: boolean; }; ... 10 more ...; deleted: boolean; }[]' is not assignable to type 'ModifiedGlossaryTerm[]'.
  Type '{ id: string; name: string; displayName: string; description: string; fullyQualifiedName: string; synonyms: never[]; glossary: { id: string; type: string; name: string; description: string; displayName: string; deleted: boolean; }; ... 10 more ...; deleted: boolean; }' is not assignable to type 'ModifiedGlossaryTerm'.
    Type '{ id: string; name: string; displayName: string; description: string; fullyQualifiedName: string; synonyms: never[]; glossary: { id: string; type: string; name: string; description: string; displayName: string; deleted: boolean; }; ... 10 more ...; deleted: boolean; }' is not assignable to type '{ children?: ModifiedGlossaryTerm[] | undefined; value?: string | undefined; data?: TagLabel | undefined; hasMoreChildren?: boolean | undefined; childrenPagingAfter?: string | undefined; isLoadMoreButton?: boolean | undefined; parentRecord?: ModifiedGlossaryTerm | undefined; level?: number | undefined; }'.
      Types of property 'children' are incompatible.
        Type '{ id: string; name: string; displayName: string; description: string; fullyQualifiedName: string; synonyms: string[]; childrenCount: number; children: { id: string; name: string; displayName: string; ... 5 more ...; entityStatus: EntityStatus; }[]; entityStatus: EntityStatus; }[]' is not assignable to type 'ModifiedGlossaryTerm[]'.
          Type '{ id: string; name: string; displayName: string; description: string; fullyQualifiedName: string; synonyms: string[]; childrenCount: number; children: { id: string; name: string; displayName: string; ... 5 more ...; entityStatus: EntityStatus; }[]; entityStatus: EntityStatus; }' is not assignable to type 'ModifiedGlossaryTerm'.
            Property 'glossary' is missing in type '{ id: string; name: string; displayName: string; description: string; fullyQualifiedName: string; synonyms: string[]; childrenCount: number; children: { id: string; name: string; displayName: string; ... 5 more ...; entityStatus: EntityStatus; }[]; entityStatus: EntityStatus; }' but required in type 'Omit<GlossaryTerm, "children">'.
src/components/Glossary/GlossaryTermTab/GlossaryTermTab.test.tsx(733,7): error TS2322: Type '{ status: string; id: string; name: string; displayName: string; description: string; fullyQualifiedName: string; synonyms: never[]; glossary: { id: string; type: string; name: string; description: string; displayName: string; deleted: boolean; }; ... 10 more ...; deleted: boolean; }[]' is not assignable to type 'ModifiedGlossaryTerm[]'.
  Type '{ status: string; id: string; name: string; displayName: string; description: string; fullyQualifiedName: string; synonyms: never[]; glossary: { id: string; type: string; name: string; description: string; displayName: string; deleted: boolean; }; ... 10 more ...; deleted: boolean; }' is not assignable to type 'ModifiedGlossaryTerm'.
    Type '{ status: string; id: string; name: string; displayName: string; description: string; fullyQualifiedName: string; synonyms: never[]; glossary: { id: string; type: string; name: string; description: string; displayName: string; deleted: boolean; }; ... 10 more ...; deleted: boolean; }' is not assignable to type '{ children?: ModifiedGlossaryTerm[] | undefined; value?: string | undefined; data?: TagLabel | undefined; hasMoreChildren?: boolean | undefined; childrenPagingAfter?: string | undefined; isLoadMoreButton?: boolean | undefined; parentRecord?: ModifiedGlossaryTerm | undefined; level?: number | undefined; }'.
      Types of property 'children' are incompatible.
        Type '{ id: string; name: string; displayName: string; description: string; fullyQualifiedName: string; synonyms: string[]; childrenCount: number; children: { id: string; name: string; displayName: string; ... 5 more ...; entityStatus: EntityStatus; }[]; entityStatus: EntityStatus; }[]' is not assignable to type 'ModifiedGlossaryTerm[]'.
          Type '{ id: string; name: string; displayName: string; description: string; fullyQualifiedName: string; synonyms: string[]; childrenCount: number; children: { id: string; name: string; displayName: string; ... 5 more ...; entityStatus: EntityStatus; }[]; entityStatus: EntityStatus; }' is not assignable to type 'ModifiedGlossaryTerm'.
            Property 'glossary' is missing in type '{ id: string; name: string; displayName: string; description: string; fullyQualifiedName: string; synonyms: string[]; childrenCount: number; children: { id: string; name: string; displayName: string; ... 5 more ...; entityStatus: EntityStatus; }[]; entityStatus: EntityStatus; }' but required in type 'Omit<GlossaryTerm, "children">'.
src/components/Glossary/GlossaryTermTab/GlossaryTermTab.test.tsx(789,7): error TS2322: Type '{ id: string; name: string; displayName: string; description: string; fullyQualifiedName: string; synonyms: never[]; glossary: { id: string; type: string; name: string; description: string; displayName: string; deleted: boolean; }; ... 10 more ...; deleted: boolean; }[]' is not assignable to type 'ModifiedGlossaryTerm[]'.
  Type '{ id: string; name: string; displayName: string; description: string; fullyQualifiedName: string; synonyms: never[]; glossary: { id: string; type: string; name: string; description: string; displayName: string; deleted: boolean; }; ... 10 more ...; deleted: boolean; }' is not assignable to type 'ModifiedGlossaryTerm'.
    Type '{ id: string; name: string; displayName: string; description: string; fullyQualifiedName: string; synonyms: never[]; glossary: { id: string; type: string; name: string; description: string; displayName: string; deleted: boolean; }; ... 10 more ...; deleted: boolean; }' is not assignable to type '{ children?: ModifiedGlossaryTerm[] | undefined; value?: string | undefined; data?: TagLabel | undefined; hasMoreChildren?: boolean | undefined; childrenPagingAfter?: string | undefined; isLoadMoreButton?: boolean | undefined; parentRecord?: ModifiedGlossaryTerm | undefined; level?: number | undefined; }'.
      Types of property 'children' are incompatible.
        Type '{ id: string; name: string; displayName: string; description: string; fullyQualifiedName: string; synonyms: string[]; childrenCount: number; children: { id: string; name: string; displayName: string; ... 5 more ...; entityStatus: EntityStatus; }[]; entityStatus: EntityStatus; }[]' is not assignable to type 'ModifiedGlossaryTerm[]'.
          Type '{ id: string; name: string; displayName: string; description: string; fullyQualifiedName: string; synonyms: string[]; childrenCount: number; children: { id: string; name: string; displayName: string; ... 5 more ...; entityStatus: EntityStatus; }[]; entityStatus: EntityStatus; }' is not assignable to type 'ModifiedGlossaryTerm'.
            Property 'glossary' is missing in type '{ id: string; name: string; displayName: string; description: string; fullyQualifiedName: string; synonyms: string[]; childrenCount: number; children: { id: string; name: string; displayName: string; ... 5 more ...; entityStatus: EntityStatus; }[]; entityStatus: EntityStatus; }' but required in type 'Omit<GlossaryTerm, "children">'.
src/components/Glossary/GlossaryTermTab/GlossaryTermTab.test.tsx(823,7): error TS2322: Type '{ id: string; name: string; displayName: string; description: string; fullyQualifiedName: string; synonyms: never[]; glossary: { id: string; type: string; name: string; description: string; displayName: string; deleted: boolean; }; ... 10 more ...; deleted: boolean; }[]' is not assignable to type 'ModifiedGlossaryTerm[]'.
  Type '{ id: string; name: string; displayName: string; description: string; fullyQualifiedName: string; synonyms: never[]; glossary: { id: string; type: string; name: string; description: string; displayName: string; deleted: boolean; }; ... 10 more ...; deleted: boolean; }' is not assignable to type 'ModifiedGlossaryTerm'.
    Type '{ id: string; name: string; displayName: string; description: string; fullyQualifiedName: string; synonyms: never[]; glossary: { id: string; type: string; name: string; description: string; displayName: string; deleted: boolean; }; ... 10 more ...; deleted: boolean; }' is not assignable to type '{ children?: ModifiedGlossaryTerm[] | undefined; value?: string | undefined; data?: TagLabel | undefined; hasMoreChildren?: boolean | undefined; childrenPagingAfter?: string | undefined; isLoadMoreButton?: boolean | undefined; parentRecord?: ModifiedGlossaryTerm | undefined; level?: number | undefined; }'.
      Types of property 'children' are incompatible.
        Type '{ id: string; name: string; displayName: string; description: string; fullyQualifiedName: string; synonyms: string[]; childrenCount: number; children: { id: string; name: string; displayName: string; ... 5 more ...; entityStatus: EntityStatus; }[]; entityStatus: EntityStatus; }[]' is not assignable to type 'ModifiedGlossaryTerm[]'.
          Type '{ id: string; name: string; displayName: string; description: string; fullyQualifiedName: string; synonyms: string[]; childrenCount: number; children: { id: string; name: string; displayName: string; ... 5 more ...; entityStatus: EntityStatus; }[]; entityStatus: EntityStatus; }' is not assignable to type 'ModifiedGlossaryTerm'.
            Property 'glossary' is missing in type '{ id: string; name: string; displayName: string; description: string; fullyQualifiedName: string; synonyms: string[]; childrenCount: number; children: { id: string; name: string; displayName: string; ... 5 more ...; entityStatus: EntityStatus; }[]; entityStatus: EntityStatus; }' but required in type 'Omit<GlossaryTerm, "children">'.
src/components/Glossary/GlossaryTermTab/GlossaryTermTab.test.tsx(833,7): error TS2322: Type '{ synonyms: string[]; id: string; name: string; displayName: string; description: string; fullyQualifiedName: string; glossary: { id: string; type: string; name: string; description: string; displayName: string; deleted: boolean; }; ... 10 more ...; deleted: boolean; }[]' is not assignable to type 'ModifiedGlossaryTerm[]'.
  Type '{ synonyms: string[]; id: string; name: string; displayName: string; description: string; fullyQualifiedName: string; glossary: { id: string; type: string; name: string; description: string; displayName: string; deleted: boolean; }; ... 10 more ...; deleted: boolean; }' is not assignable to type 'ModifiedGlossaryTerm'.
    Type '{ synonyms: string[]; id: string; name: string; displayName: string; description: string; fullyQualifiedName: string; glossary: { id: string; type: string; name: string; description: string; displayName: string; deleted: boolean; }; ... 10 more ...; deleted: boolean; }' is not assignable to type '{ children?: ModifiedGlossaryTerm[] | undefined; value?: string | undefined; data?: TagLabel | undefined; hasMoreChildren?: boolean | undefined; childrenPagingAfter?: string | undefined; isLoadMoreButton?: boolean | undefined; parentRecord?: ModifiedGlossaryTerm | undefined; level?: number | undefined; }'.
      Types of property 'children' are incompatible.
        Type '{ id: string; name: string; displayName: string; description: string; fullyQualifiedName: string; synonyms: string[]; childrenCount: number; children: { id: string; name: string; displayName: string; ... 5 more ...; entityStatus: EntityStatus; }[]; entityStatus: EntityStatus; }[]' is not assignable to type 'ModifiedGlossaryTerm[]'.
          Type '{ id: string; name: string; displayName: string; description: string; fullyQualifiedName: string; synonyms: string[]; childrenCount: number; children: { id: string; name: string; displayName: string; ... 5 more ...; entityStatus: EntityStatus; }[]; entityStatus: EntityStatus; }' is not assignable to type 'ModifiedGlossaryTerm'.
            Property 'glossary' is missing in type '{ id: string; name: string; displayName: string; description: string; fullyQualifiedName: string; synonyms: string[]; childrenCount: number; children: { id: string; name: string; displayName: string; ... 5 more ...; entityStatus: EntityStatus; }[]; entityStatus: EntityStatus; }' but required in type 'Omit<GlossaryTerm, "children">'.
src/components/Glossary/GlossaryTermTab/GlossaryTermTab.test.tsx(856,7): error TS2322: Type '{ style: { iconURL: string; color: string; }; id: string; name: string; displayName: string; description: string; fullyQualifiedName: string; synonyms: never[]; glossary: { id: string; type: string; name: string; description: string; displayName: string; deleted: boolean; }; ... 10 more ...; deleted: boolean; }[]' is not assignable to type 'ModifiedGlossaryTerm[]'.
  Type '{ style: { iconURL: string; color: string; }; id: string; name: string; displayName: string; description: string; fullyQualifiedName: string; synonyms: never[]; glossary: { id: string; type: string; name: string; description: string; displayName: string; deleted: boolean; }; ... 10 more ...; deleted: boolean; }' is not assignable to type 'ModifiedGlossaryTerm'.
    Type '{ style: { iconURL: string; color: string; }; id: string; name: string; displayName: string; description: string; fullyQualifiedName: string; synonyms: never[]; glossary: { id: string; type: string; name: string; description: string; displayName: string; deleted: boolean; }; ... 10 more ...; deleted: boolean; }' is not assignable to type '{ children?: ModifiedGlossaryTerm[] | undefined; value?: string | undefined; data?: TagLabel | undefined; hasMoreChildren?: boolean | undefined; childrenPagingAfter?: string | undefined; isLoadMoreButton?: boolean | undefined; parentRecord?: ModifiedGlossaryTerm | undefined; level?: number | undefined; }'.
      Types of property 'children' are incompatible.
        Type '{ id: string; name: string; displayName: string; description: string; fullyQualifiedName: string; synonyms: string[]; childrenCount: number; children: { id: string; name: string; displayName: string; ... 5 more ...; entityStatus: EntityStatus; }[]; entityStatus: EntityStatus; }[]' is not assignable to type 'ModifiedGlossaryTerm[]'.
          Type '{ id: string; name: string; displayName: string; description: string; fullyQualifiedName: string; synonyms: string[]; childrenCount: number; children: { id: string; name: string; displayName: string; ... 5 more ...; entityStatus: EntityStatus; }[]; entityStatus: EntityStatus; }' is not assignable to type 'ModifiedGlossaryTerm'.
            Property 'glossary' is missing in type '{ id: string; name: string; displayName: string; description: string; fullyQualifiedName: string; synonyms: string[]; childrenCount: number; children: { id: string; name: string; displayName: string; ... 5 more ...; entityStatus: EntityStatus; }[]; entityStatus: EntityStatus; }' but required in type 'Omit<GlossaryTerm, "children">'.
src/components/Glossary/GlossaryTermTab/GlossaryTermTab.test.tsx(876,7): error TS2322: Type '{ description: string; id: string; name: string; displayName: string; fullyQualifiedName: string; synonyms: never[]; glossary: { id: string; type: string; name: string; description: string; displayName: string; deleted: boolean; }; ... 10 more ...; deleted: boolean; }[]' is not assignable to type 'ModifiedGlossaryTerm[]'.
  Type '{ description: string; id: string; name: string; displayName: string; fullyQualifiedName: string; synonyms: never[]; glossary: { id: string; type: string; name: string; description: string; displayName: string; deleted: boolean; }; ... 10 more ...; deleted: boolean; }' is not assignable to type 'ModifiedGlossaryTerm'.
    Type '{ description: string; id: string; name: string; displayName: string; fullyQualifiedName: string; synonyms: never[]; glossary: { id: string; type: string; name: string; description: string; displayName: string; deleted: boolean; }; ... 10 more ...; deleted: boolean; }' is not assignable to type '{ children?: ModifiedGlossaryTerm[] | undefined; value?: string | undefined; data?: TagLabel | undefined; hasMoreChildren?: boolean | undefined; childrenPagingAfter?: string | undefined; isLoadMoreButton?: boolean | undefined; parentRecord?: ModifiedGlossaryTerm | undefined; level?: number | undefined; }'.
      Types of property 'children' are incompatible.
        Type '{ id: string; name: string; displayName: string; description: string; fullyQualifiedName: string; synonyms: string[]; childrenCount: number; children: { id: string; name: string; displayName: string; ... 5 more ...; entityStatus: EntityStatus; }[]; entityStatus: EntityStatus; }[]' is not assignable to type 'ModifiedGlossaryTerm[]'.
          Type '{ id: string; name: string; displayName: string; description: string; fullyQualifiedName: string; synonyms: string[]; childrenCount: number; children: { id: string; name: string; displayName: string; ... 5 more ...; entityStatus: EntityStatus; }[]; entityStatus: EntityStatus; }' is not assignable to type 'ModifiedGlossaryTerm'.
            Property 'glossary' is missing in type '{ id: string; name: string; displayName: string; description: string; fullyQualifiedName: string; synonyms: string[]; childrenCount: number; children: { id: string; name: string; displayName: string; ... 5 more ...; entityStatus: EntityStatus; }[]; entityStatus: EntityStatus; }' but required in type 'Omit<GlossaryTerm, "children">'.
src/components/Glossary/GlossaryTermTab/GlossaryTermTab.test.tsx(974,7): error TS2322: Type '{ childrenCount: number; id: string; name: string; displayName: string; description: string; fullyQualifiedName: string; synonyms: never[]; glossary: { id: string; type: string; name: string; description: string; displayName: string; deleted: boolean; }; ... 9 more ...; deleted: boolean; }[]' is not assignable to type 'ModifiedGlossaryTerm[]'.
  Type '{ childrenCount: number; id: string; name: string; displayName: string; description: string; fullyQualifiedName: string; synonyms: never[]; glossary: { id: string; type: string; name: string; description: string; displayName: string; deleted: boolean; }; ... 9 more ...; deleted: boolean; }' is not assignable to type 'ModifiedGlossaryTerm'.
    Type '{ childrenCount: number; id: string; name: string; displayName: string; description: string; fullyQualifiedName: string; synonyms: never[]; glossary: { id: string; type: string; name: string; description: string; displayName: string; deleted: boolean; }; ... 9 more ...; deleted: boolean; }' is not assignable to type '{ children?: ModifiedGlossaryTerm[] | undefined; value?: string | undefined; data?: TagLabel | undefined; hasMoreChildren?: boolean | undefined; childrenPagingAfter?: string | undefined; isLoadMoreButton?: boolean | undefined; parentRecord?: ModifiedGlossaryTerm | undefined; level?: number | undefined; }'.
      Types of property 'children' are incompatible.
        Type '{ id: string; name: string; displayName: string; description: string; fullyQualifiedName: string; synonyms: string[]; childrenCount: number; children: { id: string; name: string; displayName: string; ... 5 more ...; entityStatus: EntityStatus; }[]; entityStatus: EntityStatus; }[]' is not assignable to type 'ModifiedGlossaryTerm[]'.
          Type '{ id: string; name: string; displayName: string; description: string; fullyQualifiedName: string; synonyms: string[]; childrenCount: number; children: { id: string; name: string; displayName: string; ... 5 more ...; entityStatus: EntityStatus; }[]; entityStatus: EntityStatus; }' is not assignable to type 'ModifiedGlossaryTerm'.
            Property 'glossary' is missing in type '{ id: string; name: string; displayName: string; description: string; fullyQualifiedName: string; synonyms: string[]; childrenCount: number; children: { id: string; name: string; displayName: string; ... 5 more ...; entityStatus: EntityStatus; }[]; entityStatus: EntityStatus; }' but required in type 'Omit<GlossaryTerm, "children">'.
src/components/Glossary/GlossaryTermTab/GlossaryTermTab.test.tsx(1000,7): error TS2322: Type '{ id: string; name: string; }[]' is not assignable to type 'ModifiedGlossaryTerm[]'.
  Type '{ id: string; name: string; }' is not assignable to type 'ModifiedGlossaryTerm'.
    Type '{ id: string; name: string; }' is missing the following properties from type 'Omit<GlossaryTerm, "children">': glossary, description
src/components/Glossary/GlossaryTermTab/GlossaryTermTab.test.tsx(1020,7): error TS2322: Type '{ description: undefined; id: string; name: string; displayName: string; fullyQualifiedName: string; synonyms: never[]; glossary: { id: string; type: string; name: string; description: string; displayName: string; deleted: boolean; }; ... 10 more ...; deleted: boolean; }[]' is not assignable to type 'ModifiedGlossaryTerm[]'.
  Type '{ description: undefined; id: string; name: string; displayName: string; fullyQualifiedName: string; synonyms: never[]; glossary: { id: string; type: string; name: string; description: string; displayName: string; deleted: boolean; }; ... 10 more ...; deleted: boolean; }' is not assignable to type 'ModifiedGlossaryTerm'.
    Type '{ description: undefined; id: string; name: string; displayName: string; fullyQualifiedName: string; synonyms: never[]; glossary: { id: string; type: string; name: string; description: string; displayName: string; deleted: boolean; }; ... 10 more ...; deleted: boolean; }' is not assignable to type 'Omit<GlossaryTerm, "children">'.
      Types of property 'description' are incompatible.
        Type 'undefined' is not assignable to type 'string'.
src/components/Glossary/GlossaryTermTab/GlossaryTermTab.test.tsx(1043,7): error TS2322: Type '{ description: null; id: string; name: string; displayName: string; fullyQualifiedName: string; synonyms: never[]; glossary: { id: string; type: string; name: string; description: string; displayName: string; deleted: boolean; }; ... 10 more ...; deleted: boolean; }[]' is not assignable to type 'ModifiedGlossaryTerm[]'.
  Type '{ description: null; id: string; name: string; displayName: string; fullyQualifiedName: string; synonyms: never[]; glossary: { id: string; type: string; name: string; description: string; displayName: string; deleted: boolean; }; ... 10 more ...; deleted: boolean; }' is not assignable to type 'ModifiedGlossaryTerm'.
    Type '{ description: null; id: string; name: string; displayName: string; fullyQualifiedName: string; synonyms: never[]; glossary: { id: string; type: string; name: string; description: string; displayName: string; deleted: boolean; }; ... 10 more ...; deleted: boolean; }' is not assignable to type 'Omit<GlossaryTerm, "children">'.
      Types of property 'description' are incompatible.
        Type 'null' is not assignable to type 'string'.
src/components/Glossary/GlossaryV1.component.tsx(323,9): error TS2322: Type '{ id: string; type: string; }[] | undefined' is not assignable to type 'TermRelation[] | undefined'.
  Type '{ id: string; type: string; }[]' is not assignable to type 'TermRelation[]'.
    Property 'term' is missing in type '{ id: string; type: string; }' but required in type 'TermRelation'.
src/components/Learning/ResourcePlayer/ArticleViewer.test.tsx(33,25): error TS2741: Property 'categories' is missing in type '{ id: string; name: string; displayName: string; resourceType: "Article"; source: { url: string; embedConfig: { content: string; } | undefined; }; contexts: { pageId: string; }[]; }' but required in type 'LearningResource'.
src/components/Learning/ResourcePlayer/StorylaneTour.test.tsx(18,64): error TS2741: Property 'categories' is missing in type '{ id: string; name: string; displayName: string; resourceType: "Storylane"; source: { url: string; }; contexts: { pageId: string; }[]; }' but required in type 'LearningResource'.
src/components/Learning/ResourcePlayer/StorylaneTour.test.tsx(69,11): error TS2741: Property 'categories' is missing in type '{ id: string; name: string; resourceType: "Storylane"; source: { url: string; }; contexts: { pageId: string; }[]; }' but required in type 'LearningResource'.
src/components/Learning/ResourcePlayer/VideoPlayer.test.tsx(18,64): error TS2741: Property 'categories' is missing in type '{ id: string; name: string; displayName: string; resourceType: "Video"; source: { url: string; }; contexts: { pageId: string; }[]; }' but required in type 'LearningResource'.
src/components/Learning/ResourcePlayer/VideoPlayer.test.tsx(134,11): error TS2741: Property 'categories' is missing in type '{ id: string; name: string; resourceType: "Video"; source: { url: string; }; contexts: { pageId: string; }[]; }' but required in type 'LearningResource'.
src/components/Lineage/Lineage.test.tsx(29,3): error TS2739: Type '{ name: string; fullyQualifiedName: string; id: string; type: string; }' is missing the following properties from type 'LineageNodeType': columns, entityType
src/components/Lineage/Lineage.test.tsx(36,5): error TS2741: Property 'columns' is missing in type '{ name: string; fullyQualifiedName: string; id: string; type: string; entityType: string; }' but required in type 'LineageNodeType'.
src/components/Lineage/Lineage.test.tsx(43,5): error TS2741: Property 'columns' is missing in type '{ name: string; fullyQualifiedName: string; id: string; type: string; entityType: string; }' but required in type 'LineageNodeType'.
src/components/LineageTable/LineageTable.tsx(955,9): error TS2322: Type 'LineageNode[] | ColumnLevelLineageNode[]' is not assignable to type 'readonly SourceType[] | undefined'.
  Type 'ColumnLevelLineageNode[]' is not assignable to type 'readonly SourceType[]'.
    Type 'ColumnLevelLineageNode' is not assignable to type 'SourceType'.
      Type 'ColumnLevelLineageNode' is not assignable to type 'Pick<never, Fields> & { id?: string | undefined; tier?: string | TagLabel | undefined; tags?: TagLabel[] | undefined; entityType?: string | undefined; service?: EntityReference | undefined; style?: Style | undefined; dataProducts?: EntityReference[] | undefined; owners?: Partial<...>[] | undefined; }'.
        Type 'ColumnLevelLineageNode' is missing the following properties from type 'Pick<never, Fields>': service, fullyQualifiedName, serviceType, displayName, deleted
src/components/MyData/Widgets/CuratedAssetsWidget/CuratedAssetsWidget.tsx(84,42): error TS2339: Property 'metadataService' does not exist on type 'SearchIndexSearchSourceMapping'.
src/components/MyData/Widgets/CuratedAssetsWidget/CuratedAssetsWidget.tsx(130,23): error TS2339: Property 'length' does not exist on type '{}'.
src/components/MyData/Widgets/CuratedAssetsWidget/CuratedAssetsWidget.tsx(130,38): error TS7053: Element implicitly has an 'any' type because expression of type '0' can't be used to index type '{}'.
  Property '0' does not exist on type '{}'.
src/components/MyData/Widgets/CuratedAssetsWidget/CuratedAssetsWidget.tsx(135,7): error TS2322: Type 'unknown' is not assignable to type 'string'.
src/components/MyData/Widgets/CuratedAssetsWidget/CuratedAssetsWidget.tsx(136,7): error TS2322: Type 'unknown' is not assignable to type 'string[]'.
src/components/MyData/Widgets/CuratedAssetsWidget/CuratedAssetsWidget.tsx(152,27): error TS2339: Property 'length' does not exist on type '{}'.
src/components/MyData/Widgets/CuratedAssetsWidget/CuratedAssetsWidget.tsx(159,59): error TS2345: Argument of type '{}' is not assignable to parameter of type 'string[]'.
  Type '{}' is missing the following properties from type 'string[]': length, pop, push, concat, and 35 more.
src/components/MyData/Widgets/CuratedAssetsWidget/CuratedAssetsWidget.tsx(162,46): error TS2339: Property 'includes' does not exist on type '{}'.
src/components/MyData/Widgets/CuratedAssetsWidget/CuratedAssetsWidget.tsx(167,46): error TS2345: Argument of type '{}' is not assignable to parameter of type 'string'.
src/components/MyData/Widgets/CuratedAssetsWidget/CuratedAssetsWidget.tsx(217,27): error TS2339: Property 'length' does not exist on type '{}'.
src/components/MyData/Widgets/CuratedAssetsWidget/CuratedAssetsWidget.tsx(344,43): error TS2339: Property 'metadataService' does not exist on type 'SearchIndexSearchSourceMapping'.
src/components/MyData/Widgets/CuratedAssetsWidget/CuratedAssetsWidget.tsx(481,38): error TS2339: Property 'length' does not exist on type '{}'.
src/components/Pipeline/PipelineVersion/PipelineVersion.component.tsx(109,9): error TS2322: Type '(ColumnGroupType<{ description?: string | undefined; }> | ColumnType<{ description?: string | undefined; }> | { title: string; dataIndex: string; key: string; width: number; render: (_: any, record: { ...; }) => Element; } | { ...; })[]' is not assignable to type 'ColumnsType<Task>'.
  Type 'ColumnGroupType<{ description?: string | undefined; }> | ColumnType<{ description?: string | undefined; }> | { title: string; dataIndex: string; key: string; width: number; render: (_: any, record: { ...; }) => Element; } | { ...; }' is not assignable to type 'ColumnGroupType<Task> | ColumnType<Task>'.
    Type 'ColumnGroupType<{ description?: string | undefined; }>' is not assignable to type 'ColumnGroupType<Task> | ColumnType<Task>'.
      Type 'ColumnGroupType<{ description?: string | undefined; }>' is not assignable to type 'ColumnGroupType<Task>'.
        Types of property 'children' are incompatible.
          Type 'ColumnsType<{ description?: string | undefined; }>' is not assignable to type 'ColumnsType<Task>'.
            Type 'ColumnGroupType<{ description?: string | undefined; }> | ColumnType<{ description?: string | undefined; }>' is not assignable to type 'ColumnGroupType<Task> | ColumnType<Task>'.
              Type 'ColumnType<{ description?: string | undefined; }>' is not assignable to type 'ColumnGroupType<Task> | ColumnType<Task>'.
                Type 'ColumnType<{ description?: string | undefined; }>' is not assignable to type 'ColumnType<Task>'.
                  Types of property 'title' are incompatible.
                    Type 'ColumnTitle<{ description?: string | undefined; }>' is not assignable to type 'ColumnTitle<Task>'.
                      Type '(props: ColumnTitleProps<{ description?: string | undefined; }>) => ReactNode' is not assignable to type 'ColumnTitle<Task>'.
                        Type '(props: ColumnTitleProps<{ description?: string | undefined; }>) => ReactNode' is not assignable to type '(props: ColumnTitleProps<Task>) => ReactNode'.
                          Types of parameters 'props' and 'props' are incompatible.
                            Type 'ColumnTitleProps<Task>' is not assignable to type 'ColumnTitleProps<{ description?: string | undefined; }>'.
                              Types of property 'sortColumn' are incompatible.
                                Type 'ColumnType<Task> | undefined' is not assignable to type 'ColumnType<{ description?: string | undefined; }> | undefined'.
                                  Type 'ColumnType<Task>' is not assignable to type 'ColumnType<{ description?: string | undefined; }>'.
                                    Types of property 'title' are incompatible.
                                      Type 'ColumnTitle<Task>' is not assignable to type 'ColumnTitle<{ description?: string | undefined; }>'.
                                        Type '(props: ColumnTitleProps<Task>) => ReactNode' is not assignable to type 'ColumnTitle<{ description?: string | undefined; }>'.
                                          Type '(props: ColumnTitleProps<Task>) => ReactNode' is not assignable to type '(props: ColumnTitleProps<{ description?: string | undefined; }>) => ReactNode'.
                                            Types of parameters 'props' and 'props' are incompatible.
                                              Type 'ColumnTitleProps<{ description?: string | undefined; }>' is not assignable to type 'ColumnTitleProps<Task>'.
                                                Property 'name' is missing in type '{ description?: string | undefined; }' but required in type 'Task'.
src/components/Pipeline/PipelineVersion/PipelineVersion.component.tsx(119,62): error TS2559: Type '{ description?: string | undefined; }' has no properties in common with type '{ name?: string | undefined; displayName?: string | undefined; }'.
src/components/SearchedData/SearchedData.test.tsx(136,35): error TS2741: Property 'onPaginationChange' is missing in type '{ isFilterSelected: boolean; isSummaryPanelVisible: boolean; currentPage: number; data: SearchHitBody<ExploreSearchIndex, SourceType>[]; handleSummaryPanelDisplay: Mock<...>; selectedEntityId: string; totalValue: number; }' but required in type 'SearchedDataProps'.
src/components/SearchedData/SearchedData.test.tsx(146,35): error TS2741: Property 'onPaginationChange' is missing in type '{ isFilterSelected: boolean; isSummaryPanelVisible: boolean; currentPage: number; data: SearchHitBody<ExploreSearchIndex, SourceType>[]; handleSummaryPanelDisplay: Mock<...>; selectedEntityId: string; totalValue: number; }' but required in type 'SearchedDataProps'.
src/components/SearchedData/SearchedData.test.tsx(159,35): error TS2741: Property 'onPaginationChange' is missing in type '{ isFilterSelected: boolean; isSummaryPanelVisible: boolean; currentPage: number; data: SearchHitBody<ExploreSearchIndex, SourceType>[]; handleSummaryPanelDisplay: Mock<...>; selectedEntityId: string; totalValue: number; }' but required in type 'SearchedDataProps'.
src/components/SearchedData/SearchedData.test.tsx(182,35): error TS2741: Property 'onPaginationChange' is missing in type '{ isFilterSelected: boolean; isSummaryPanelVisible: boolean; currentPage: number; data: SearchHitBody<ExploreSearchIndex, SourceType>[]; handleSummaryPanelDisplay: Mock<...>; selectedEntityId: string; totalValue: number; }' but required in type 'SearchedDataProps'.
src/components/SearchedData/SearchedData.test.tsx(204,8): error TS2741: Property 'onPaginationChange' is missing in type '{ children: Element; isFilterSelected: boolean; isSummaryPanelVisible: boolean; currentPage: number; data: SearchHitBody<ExploreSearchIndex, SourceType>[]; handleSummaryPanelDisplay: Mock<...>; selectedEntityId: string; totalValue: number; }' but required in type 'SearchedDataProps'.
src/components/SearchedData/SearchedData.test.tsx(217,8): error TS2741: Property 'onPaginationChange' is missing in type '{ data: never[]; totalValue: number; isFilterSelected: boolean; isSummaryPanelVisible: boolean; currentPage: number; handleSummaryPanelDisplay: Mock<any, any>; selectedEntityId: string; }' but required in type 'SearchedDataProps'.
src/components/SearchedData/SearchedData.test.tsx(227,35): error TS2741: Property 'onPaginationChange' is missing in type '{ isFilterSelected: boolean; isSummaryPanelVisible: boolean; currentPage: number; data: SearchHitBody<ExploreSearchIndex, SourceType>[]; handleSummaryPanelDisplay: Mock<...>; selectedEntityId: string; totalValue: number; }' but required in type 'SearchedDataProps'.
src/components/SearchedData/SearchedData.test.tsx(241,8): error TS2741: Property 'onPaginationChange' is missing in type '{ isFilterSelected: true; showResultCount: false; isSummaryPanelVisible: boolean; currentPage: number; data: SearchHitBody<ExploreSearchIndex, SourceType>[]; handleSummaryPanelDisplay: Mock<...>; selectedEntityId: string; totalValue: number; }' but required in type 'SearchedDataProps'.
src/components/SearchedData/SearchedData.test.tsx(252,8): error TS2741: Property 'onPaginationChange' is missing in type '{ isFilterSelected: true; showResultCount: true; totalValue: number; isSummaryPanelVisible: boolean; currentPage: number; data: SearchHitBody<ExploreSearchIndex, SourceType>[]; handleSummaryPanelDisplay: Mock<...>; selectedEntityId: string; }' but required in type 'SearchedDataProps'.
src/components/SearchedData/SearchedData.test.tsx(269,8): error TS2741: Property 'onPaginationChange' is missing in type '{ isFilterSelected: true; showResultCount: true; totalValue: number; isSummaryPanelVisible: boolean; currentPage: number; data: SearchHitBody<ExploreSearchIndex, SourceType>[]; handleSummaryPanelDisplay: Mock<...>; selectedEntityId: string; }' but required in type 'SearchedDataProps'.
src/components/ServiceInsights/PlatformInsightsWidget/PlatformInsightsWidget.tsx(51,35): error TS2345: Argument of type 'SystemChartType | undefined' is not assignable to parameter of type 'SystemChartType'.
  Type 'undefined' is not assignable to type 'SystemChartType'.
src/components/ServiceInsights/PlatformInsightsWidget/PlatformInsightsWidget.tsx(121,46): error TS2345: Argument of type 'SystemChartType | undefined' is not assignable to parameter of type 'SystemChartType'.
  Type 'undefined' is not assignable to type 'SystemChartType'.
src/components/Settings/Applications/AppLiveIndexing/AppLiveIndexing.component.tsx(160,7): error TS2322: Type '{ bordered: true; columns: ColumnsType<SearchIndexRetryRecord>; currentPage: number; dataSource: SearchIndexRetryRecord[]; ... 6 more ...; size: "small"; }' is not assignable to type 'IntrinsicAttributes & TableProps<SearchIndexRetryRecord> & RefAttributes<HTMLDivElement>'.
  Property 'currentPage' does not exist on type 'IntrinsicAttributes & TableProps<SearchIndexRetryRecord> & RefAttributes<HTMLDivElement>'.
src/components/Settings/Applications/AppLiveIndexing/AppLiveIndexing.component.tsx(180,56): error TS2322: Type '""' is not assignable to type 'CursorType | undefined'.
src/components/Settings/Applications/AppLiveIndexing/buildOntologySlideoutEntityDetails.ts(14,28): error TS2307: Cannot find module '../../enums/entity.enum' or its corresponding type declarations.
src/components/Settings/Applications/AppLiveIndexing/buildOntologySlideoutEntityDetails.ts(15,46): error TS2307: Cannot find module '../Explore/ExplorePage.interface' or its corresponding type declarations.
src/components/Settings/Applications/AppLiveIndexing/buildOntologySlideoutEntityDetails.ts(16,30): error TS2307: Cannot find module './OntologyExplorer.interface' or its corresponding type declarations.
src/components/Settings/Applications/AppLiveIndexing/OntologyNodeRelationsContent.tsx(24,42): error TS2307: Cannot find module '../../rest/settingConfigAPI' or its corresponding type declarations.
src/components/Settings/Applications/AppLiveIndexing/OntologyNodeRelationsContent.tsx(25,31): error TS2307: Cannot find module './OntologyExplorer.constants' or its corresponding type declarations.
src/components/Settings/Applications/AppLiveIndexing/OntologyNodeRelationsContent.tsx(26,44): error TS2307: Cannot find module './OntologyExplorer.interface' or its corresponding type declarations.
src/components/Settings/Applications/AppLiveIndexing/utils/entityIconUrls.ts(31,28): error TS2307: Cannot find module '../../../enums/entity.enum' or its corresponding type declarations.
src/components/Settings/Applications/AppLiveIndexing/utils/graphSearchHighlight.ts(19,26): error TS2307: Cannot find module '../../../generated/entity/data/glossary' or its corresponding type declarations.
src/components/Settings/Applications/AppLiveIndexing/utils/graphSearchHighlight.ts(20,42): error TS2307: Cannot find module '../../../rest/settingConfigAPI' or its corresponding type declarations.
src/components/Settings/Applications/AppLiveIndexing/utils/graphSearchHighlight.ts(21,44): error TS2307: Cannot find module '../OntologyExplorer.interface' or its corresponding type declarations.
src/components/Settings/Applications/AppLogsViewer/AppLogsViewer.component.tsx(503,15): error TS2322: Type 'number' is not assignable to type 'string'.
src/components/Settings/Applications/AppLogsViewer/AppLogsViewer.component.tsx(523,15): error TS2322: Type 'number' is not assignable to type 'string'.
src/components/Settings/Applications/AppLogsViewer/AppLogsViewer.component.tsx(543,15): error TS2322: Type 'number' is not assignable to type 'string'.
src/components/Settings/Bot/BotDetails/BotDetails.component.tsx(221,13): error TS2322: Type 'DebouncedFunc<(query?: string) => Promise<void>>' is not assignable to type '(query?: string | undefined) => Promise<void>'.
  Type 'Promise<void> | undefined' is not assignable to type 'Promise<void>'.
    Type 'undefined' is not assignable to type 'Promise<void>'.
src/components/Settings/Services/ServiceConfig/ConnectionConfigForm.tsx(126,29): error TS2345: Argument of type 'unknown' is not assignable to parameter of type 'Record<string, unknown> | undefined'.
src/components/Settings/Services/ServiceConfig/ConnectionConfigForm.tsx(165,9): error TS2322: Type '{ properties: { [k: string]: unknown; }; }' is not assignable to type 'RJSFSchema'.
  Type '{ properties: { [k: string]: unknown; }; }' is not assignable to type 'JSONSchema7'.
    Types of property 'properties' are incompatible.
      Type '{ [k: string]: unknown; }' is not assignable to type '{ [key: string]: JSONSchema7Definition; }'.
        'string' index signatures are incompatible.
          Type 'unknown' is not assignable to type 'JSONSchema7Definition'.
src/components/Settings/Services/ServiceConfig/FiltersConfigForm.tsx(65,7): error TS2345: Argument of type 'unknown' is not assignable to parameter of type 'Record<string, unknown> | undefined'.
src/components/Settings/Services/ServiceConfig/FiltersConfigForm.tsx(84,7): error TS2322: Type '{ properties: { [k: string]: unknown; }; additionalProperties: boolean; }' is not assignable to type 'RJSFSchema'.
  Type '{ properties: { [k: string]: unknown; }; additionalProperties: boolean; }' is not assignable to type 'JSONSchema7'.
    Types of property 'properties' are incompatible.
      Type '{ [k: string]: unknown; }' is not assignable to type '{ [key: string]: JSONSchema7Definition; }'.
        'string' index signatures are incompatible.
          Type 'unknown' is not assignable to type 'JSONSchema7Definition'.
src/components/Settings/Services/ServiceConnectionDetails/ServiceConnectionDetails.component.tsx(151,11): error TS2322: Type 'ConfigData' is not assignable to type 'Record<string, unknown>'.
  Type 'DashboardConnection' is not assignable to type 'Record<string, unknown>'.
    Index signature for type 'string' is missing in type 'DashboardConnection'.
src/components/Tag/TagsV1/TagsV1.test.tsx(25,7): error TS2740: Type '{ 50: string; 100: string; 900: string; }' is missing the following properties from type 'ColorPalette': 25, 200, 300, 400, and 5 more.
src/context/LineageProvider/LineageProvider.test.tsx(181,27): error TS2345: Argument of type '{ name: string; type: string; entityType: string; fullyQualifiedName: string; id: string; }' is not assignable to parameter of type 'LineageNodeType'.
  Property 'columns' is missing in type '{ name: string; type: string; entityType: string; fullyQualifiedName: string; id: string; }' but required in type 'LineageNodeType'.
src/generated/api/governance/createWorkflowDefinition.ts(295,5): error TS2411: Property 'default' of type 'string | undefined' is not assignable to 'string' index type 'string'.
src/generated/api/governance/createWorkflowDefinition.ts(306,5): error TS2411: Property 'default' of type 'string | undefined' is not assignable to 'string' index type 'string'.
src/generated/governance/workflows/elements/triggers/eventBasedEntityTrigger.ts(71,5): error TS2411: Property 'default' of type 'string | undefined' is not assignable to 'string' index type 'string'.
src/generated/governance/workflows/elements/triggers/periodicBatchEntityTrigger.ts(58,5): error TS2411: Property 'default' of type 'string | undefined' is not assignable to 'string' index type 'string'.
src/hooks/useCanvasMouseEvents.test.ts(61,5): error TS2322: Type '"pipeline"' is not assignable to type 'ECanvasButtonType'.
src/hooks/useGridEditController.ts(102,34): error TS7030: Not all code paths return a value.
src/hooks/useImage.ts(29,18): error TS2345: Argument of type 'unknown' is not assignable to parameter of type 'SetStateAction<Error | null>'.
src/hooks/useMapBasedNodesEdges.ts(225,53): error TS2698: Spread types may only be created from object types.
src/hooks/user-profile/useUserProfile.ts(99,66): error TS2339: Property 'SERVER_ERROR' does not exist on type 'typeof ClientErrors'.
src/interface/search.interface.ts(318,5): error TS2536: Type 'SI extends SearchIndex[] ? SI[number] : SI' cannot be used to index type 'SearchIndexSearchSourceMapping'.
src/interface/search.interface.ts(322,5): error TS2536: Type 'SI extends SearchIndex[] ? SI[number] : SI' cannot be used to index type 'SearchIndexSearchSourceMapping'.
src/interface/search.interface.ts(352,5): error TS2536: Type 'SI extends SearchIndex[] ? SI[number] : SI' cannot be used to index type 'SearchIndexSearchSourceMapping'.
src/interface/search.interface.ts(382,36): error TS2339: Property 'metadataService' does not exist on type 'SearchIndexSearchSourceMapping'.
src/interface/search.interface.ts(388,7): error TS2536: Type 'SI' cannot be used to index type 'SearchIndexSearchSourceMapping'.
src/interface/search.interface.ts(389,30): error TS2536: Type 'SI' cannot be used to index type 'SearchIndexSearchSourceMapping'.
src/interface/search.interface.ts(397,5): error TS2536: Type 'SI' cannot be used to index type 'SearchIndexSearchSourceMapping'.
src/interface/search.interface.ts(398,19): error TS2536: Type 'SI' cannot be used to index type 'SearchIndexSearchSourceMapping'.
src/interface/search.interface.ts(443,36): error TS2339: Property 'metadataService' does not exist on type 'SearchIndexSearchSourceMapping'.
src/interface/search.interface.ts(449,7): error TS2536: Type 'SI' cannot be used to index type 'SearchIndexSearchSourceMapping'.
src/interface/search.interface.ts(450,30): error TS2536: Type 'SI' cannot be used to index type 'SearchIndexSearchSourceMapping'.
src/interface/search.interface.ts(458,5): error TS2536: Type 'SI' cannot be used to index type 'SearchIndexSearchSourceMapping'.
src/interface/search.interface.ts(459,19): error TS2536: Type 'SI' cannot be used to index type 'SearchIndexSearchSourceMapping'.
src/interface/search.interface.ts(465,5): error TS2536: Type 'SI' cannot be used to index type 'SearchIndexSearchSourceMapping'.
src/interface/search.interface.ts(466,19): error TS2536: Type 'SI' cannot be used to index type 'SearchIndexSearchSourceMapping'.
src/pages/AddCustomMetricPage/AddCustomMetricPage.tsx(189,11): error TS2322: Type '{ activeColumnFqn: string; dateRangeObject: { startTs: number; endTs: number; }; tableDetails: Table | undefined; }' is not assignable to type 'IntrinsicAttributes & SingleColumnProfileProps'.
  Property 'dateRangeObject' does not exist on type 'IntrinsicAttributes & SingleColumnProfileProps'.
src/pages/APICollectionPage/APIEndpointsTab.tsx(158,9): error TS2322: Type '(ColumnGroupType<{ description?: string | undefined; }> | ColumnType<{ description?: string | undefined; }> | { title: any; dataIndex: string; key: string; width: number; sorter: (a: APIEndpoint, b: APIEndpoint) => number; render: (_: any, record: APIEndpoint) => Element; } | { ...; })[]' is not assignable to type 'ColumnsType<APIEndpoint>'.
  Type 'ColumnGroupType<{ description?: string | undefined; }> | ColumnType<{ description?: string | undefined; }> | { title: any; dataIndex: string; key: string; width: number; sorter: (a: APIEndpoint, b: APIEndpoint) => number; render: (_: any, record: APIEndpoint) => Element; } | { ...; }' is not assignable to type 'ColumnGroupType<APIEndpoint> | ColumnType<APIEndpoint>'.
    Type 'ColumnGroupType<{ description?: string | undefined; }>' is not assignable to type 'ColumnGroupType<APIEndpoint> | ColumnType<APIEndpoint>'.
      Type 'ColumnGroupType<{ description?: string | undefined; }>' is not assignable to type 'ColumnGroupType<APIEndpoint>'.
        Types of property 'children' are incompatible.
          Type 'ColumnsType<{ description?: string | undefined; }>' is not assignable to type 'ColumnsType<APIEndpoint>'.
            Type 'ColumnGroupType<{ description?: string | undefined; }> | ColumnType<{ description?: string | undefined; }>' is not assignable to type 'ColumnGroupType<APIEndpoint> | ColumnType<APIEndpoint>'.
              Type 'ColumnType<{ description?: string | undefined; }>' is not assignable to type 'ColumnGroupType<APIEndpoint> | ColumnType<APIEndpoint>'.
                Type 'ColumnType<{ description?: string | undefined; }>' is not assignable to type 'ColumnType<APIEndpoint>'.
                  Types of property 'title' are incompatible.
                    Type 'ColumnTitle<{ description?: string | undefined; }>' is not assignable to type 'ColumnTitle<APIEndpoint>'.
                      Type '(props: ColumnTitleProps<{ description?: string | undefined; }>) => ReactNode' is not assignable to type 'ColumnTitle<APIEndpoint>'.
                        Type '(props: ColumnTitleProps<{ description?: string | undefined; }>) => ReactNode' is not assignable to type '(props: ColumnTitleProps<APIEndpoint>) => ReactNode'.
                          Types of parameters 'props' and 'props' are incompatible.
                            Type 'ColumnTitleProps<APIEndpoint>' is not assignable to type 'ColumnTitleProps<{ description?: string | undefined; }>'.
                              Types of property 'sortColumn' are incompatible.
                                Type 'ColumnType<APIEndpoint> | undefined' is not assignable to type 'ColumnType<{ description?: string | undefined; }> | undefined'.
                                  Type 'ColumnType<APIEndpoint>' is not assignable to type 'ColumnType<{ description?: string | undefined; }>'.
                                    Types of property 'title' are incompatible.
                                      Type 'ColumnTitle<APIEndpoint>' is not assignable to type 'ColumnTitle<{ description?: string | undefined; }>'.
                                        Type '(props: ColumnTitleProps<APIEndpoint>) => ReactNode' is not assignable to type 'ColumnTitle<{ description?: string | undefined; }>'.
                                          Type '(props: ColumnTitleProps<APIEndpoint>) => ReactNode' is not assignable to type '(props: ColumnTitleProps<{ description?: string | undefined; }>) => ReactNode'.
                                            Types of parameters 'props' and 'props' are incompatible.
                                              Type 'ColumnTitleProps<{ description?: string | undefined; }>' is not assignable to type 'ColumnTitleProps<APIEndpoint>'.
                                                Type '{ description?: string | undefined; }' is missing the following properties from type 'APIEndpoint': id, name, service
src/pages/AuditLogsPage/AuditLogsPage.test.tsx(102,5): error TS6133: '_mockSearchCallback' is declared but its value is never read.
src/pages/ColumnBulkOperations/ColumnGrid/constants/ColumnGrid.constants.ts(120,3): error TS6133: 'filterKey' is declared but its value is never read.
src/pages/CustomizeDetailsPage/CustomizeDetailsPage.tsx(99,15): error TS7053: Element implicitly has an 'any' type because expression of type 'PageType' can't be used to index type '{ Topic: EntityType; APICollection: EntityType; APIEndpoint: EntityType; Container: EntityType; Dashboard: EntityType; ... 17 more ...; Worksheet: EntityType; }'.
  Property '[PageType.Classification]' does not exist on type '{ Topic: EntityType; APICollection: EntityType; APIEndpoint: EntityType; Container: EntityType; Dashboard: EntityType; ... 17 more ...; Worksheet: EntityType; }'.
src/pages/DirectoryDetailsPage/DirectoryDetailsPage.tsx(175,15): error TS2339: Property 'newValue' does not exist on type '{ newValue: EntityReference[]; } | {}'.
src/pages/EntityImport/BulkEntityImportPage/BulkEntityImportPage.tsx(305,18): error TS2345: Argument of type 'Column<Record<string, unknown>, unknown>[]' is not assignable to parameter of type 'SetStateAction<Column<Record<string, string>[], unknown>[]>'.
  Type 'Column<Record<string, unknown>, unknown>[]' is not assignable to type 'Column<Record<string, string>[], unknown>[]'.
    Type 'Column<Record<string, unknown>, unknown>' is not assignable to type 'Column<Record<string, string>[], unknown>'.
      Types of property 'cellClass' are incompatible.
        Type 'Maybe<string | ((row: Record<string, unknown>) => Maybe<string>)>' is not assignable to type 'Maybe<string | ((row: Record<string, string>[]) => Maybe<string>)>'.
          Type '(row: Record<string, unknown>) => Maybe<string>' is not assignable to type 'Maybe<string | ((row: Record<string, string>[]) => Maybe<string>)>'.
            Type '(row: Record<string, unknown>) => Maybe<string>' is not assignable to type '(row: Record<string, string>[]) => Maybe<string>'.
              Types of parameters 'row' and 'row' are incompatible.
                Type 'Record<string, string>[]' is not assignable to type 'Record<string, unknown>'.
                  Index signature for type 'string' is missing in type 'Record<string, string>[]'.
src/pages/EntityImport/BulkEntityImportPage/BulkEntityImportPage.tsx(405,17): error TS2345: Argument of type '{ columns: Column<Record<string, unknown>, unknown>[]; dataSource: Record<string, string>[]; }' is not assignable to parameter of type 'SetStateAction<{ columns: Column<Record<string, string>, unknown>[]; dataSource: Record<string, string>[]; } | undefined>'.
  Type '{ columns: Column<Record<string, unknown>, unknown>[]; dataSource: Record<string, string>[]; }' is not assignable to type '{ columns: Column<Record<string, string>, unknown>[]; dataSource: Record<string, string>[]; }'.
    Types of property 'columns' are incompatible.
      Type 'Column<Record<string, unknown>, unknown>[]' is not assignable to type 'Column<Record<string, string>, unknown>[]'.
        Type 'Column<Record<string, unknown>, unknown>' is not assignable to type 'Column<Record<string, string>, unknown>'.
          Types of property 'renderHeaderCell' are incompatible.
            Type 'Maybe<(props: RenderHeaderCellProps<Record<string, unknown>, unknown>) => ReactNode>' is not assignable to type 'Maybe<(props: RenderHeaderCellProps<Record<string, string>, unknown>) => ReactNode>'.
              Type '(props: RenderHeaderCellProps<Record<string, unknown>, unknown>) => ReactNode' is not assignable to type 'Maybe<(props: RenderHeaderCellProps<Record<string, string>, unknown>) => ReactNode>'.
                Types of parameters 'props' and 'props' are incompatible.
                  Type 'RenderHeaderCellProps<Record<string, string>, unknown>' is not assignable to type 'RenderHeaderCellProps<Record<string, unknown>, unknown>'.
                    The types of 'column.renderCell' are incompatible between these types.
                      Type '(props: RenderCellProps<Record<string, string>, unknown>) => ReactNode' is not assignable to type '(props: RenderCellProps<Record<string, unknown>, unknown>) => ReactNode'.
                        Types of parameters 'props' and 'props' are incompatible.
                          Type 'RenderCellProps<Record<string, unknown>, unknown>' is not assignable to type 'RenderCellProps<Record<string, string>, unknown>'.
                            The types of 'column.renderCell' are incompatible between these types.
                              Type '(props: RenderCellProps<Record<string, unknown>, unknown>) => ReactNode' is not assignable to type '(props: RenderCellProps<Record<string, string>, unknown>) => ReactNode'.
                                Types of parameters 'props' and 'props' are incompatible.
                                  Type 'RenderCellProps<Record<string, string>, unknown>' is not assignable to type 'RenderCellProps<Record<string, unknown>, unknown>'.
                                    Types of property 'onRowChange' are incompatible.
                                      Type '(row: Record<string, string>) => void' is not assignable to type '(row: Record<string, unknown>) => void'.
                                        Types of parameters 'row' and 'row' are incompatible.
                                          Type 'Record<string, unknown>' is not assignable to type 'Record<string, string>'.
                                            'string' index signatures are incompatible.
                                              Type 'unknown' is not assignable to type 'string'.
src/pages/EntityImport/BulkEntityImportPage/BulkEntityImportPage.tsx(448,15): error TS2345: Argument of type '{ columns: Column<Record<string, unknown>, unknown>[]; dataSource: Record<string, string>[]; }' is not assignable to parameter of type 'SetStateAction<{ columns: Column<Record<string, string>, unknown>[]; dataSource: Record<string, string>[]; } | undefined>'.
  Type '{ columns: Column<Record<string, unknown>, unknown>[]; dataSource: Record<string, string>[]; }' is not assignable to type '{ columns: Column<Record<string, string>, unknown>[]; dataSource: Record<string, string>[]; }'.
    Types of property 'columns' are incompatible.
      Type 'Column<Record<string, unknown>, unknown>[]' is not assignable to type 'Column<Record<string, string>, unknown>[]'.
        Type 'Column<Record<string, unknown>, unknown>' is not assignable to type 'Column<Record<string, string>, unknown>'.
          Types of property 'renderHeaderCell' are incompatible.
            Type 'Maybe<(props: RenderHeaderCellProps<Record<string, unknown>, unknown>) => ReactNode>' is not assignable to type 'Maybe<(props: RenderHeaderCellProps<Record<string, string>, unknown>) => ReactNode>'.
              Type '(props: RenderHeaderCellProps<Record<string, unknown>, unknown>) => ReactNode' is not assignable to type 'Maybe<(props: RenderHeaderCellProps<Record<string, string>, unknown>) => ReactNode>'.
                Types of parameters 'props' and 'props' are incompatible.
                  Type 'RenderHeaderCellProps<Record<string, string>, unknown>' is not assignable to type 'RenderHeaderCellProps<Record<string, unknown>, unknown>'.
                    The types of 'column.renderCell' are incompatible between these types.
                      Type '(props: RenderCellProps<Record<string, string>, unknown>) => ReactNode' is not assignable to type '(props: RenderCellProps<Record<string, unknown>, unknown>) => ReactNode'.
                        Types of parameters 'props' and 'props' are incompatible.
                          Type 'RenderCellProps<Record<string, unknown>, unknown>' is not assignable to type 'RenderCellProps<Record<string, string>, unknown>'.
                            The types of 'column.renderCell' are incompatible between these types.
                              Type '(props: RenderCellProps<Record<string, unknown>, unknown>) => ReactNode' is not assignable to type '(props: RenderCellProps<Record<string, string>, unknown>) => ReactNode'.
                                Types of parameters 'props' and 'props' are incompatible.
                                  Type 'RenderCellProps<Record<string, string>, unknown>' is not assignable to type 'RenderCellProps<Record<string, unknown>, unknown>'.
                                    Types of property 'onRowChange' are incompatible.
                                      Type '(row: Record<string, string>) => void' is not assignable to type '(row: Record<string, unknown>) => void'.
                                        Types of parameters 'row' and 'row' are incompatible.
                                          Type 'Record<string, unknown>' is not assignable to type 'Record<string, string>'.
                                            'string' index signatures are incompatible.
                                              Type 'unknown' is not assignable to type 'string'.
src/pages/ExplorePage/ExplorePageV1.component.tsx(147,11): error TS2322: Type 'QueryFieldInterface | QueryFieldInterface[] | never[]' is not assignable to type 'QueryFieldInterface[]'.
  Type 'QueryFieldInterface' is missing the following properties from type 'QueryFieldInterface[]': length, pop, push, concat, and 35 more.
src/pages/ExplorePage/ExplorePageV1.component.tsx(156,13): error TS2322: Type 'QueryFieldInterface[] | EsWildCard[]' is not assignable to type 'QueryFieldInterface[]'.
  Type 'EsWildCard[]' is not assignable to type 'QueryFieldInterface[]'.
    Type 'EsWildCard' has no properties in common with type 'QueryFieldInterface'.
src/pages/ExplorePage/ExplorePageV1.component.tsx(339,26): error TS2345: Argument of type '{ dataProduct: number; table: number; topic: number; dashboard: number; database: number; databaseSchema: number; pipeline: number; mlmodel: number; container: number; storedProcedure: number; ... 10 more ...; worksheet: number; }' is not assignable to parameter of type 'SetStateAction<SearchHitCounts | undefined>'.
  Type '{ dataProduct: number; table: number; topic: number; dashboard: number; database: number; databaseSchema: number; pipeline: number; mlmodel: number; container: number; storedProcedure: number; ... 10 more ...; worksheet: number; }' is missing the following properties from type 'SearchHitCounts': tableColumn, chart
src/pages/FileDetailsPage/FileDetailsPage.tsx(159,15): error TS2339: Property 'newValue' does not exist on type '{ newValue: EntityReference[]; } | {}'.
src/pages/MetricsPage/MetricListPage/MetricListPage.tsx(271,13): error TS2322: Type '(ColumnGroupType<{ description?: string | undefined; }> | ColumnType<{ description?: string | undefined; }> | ColumnGroupType<Metric> | ColumnType<...> | { ...; } | { ...; })[]' is not assignable to type '(ColumnGroupType<{ description?: string | undefined; }> | ColumnType<{ description?: string | undefined; }>)[]'.
  Type 'ColumnGroupType<{ description?: string | undefined; }> | ColumnType<{ description?: string | undefined; }> | ColumnGroupType<Metric> | ColumnType<...> | { ...; } | { ...; }' is not assignable to type 'ColumnGroupType<{ description?: string | undefined; }> | ColumnType<{ description?: string | undefined; }>'.
    Type 'ColumnGroupType<Metric>' is not assignable to type 'ColumnGroupType<{ description?: string | undefined; }> | ColumnType<{ description?: string | undefined; }>'.
      Type 'ColumnGroupType<Metric>' is not assignable to type 'ColumnGroupType<{ description?: string | undefined; }>'.
        Types of property 'children' are incompatible.
          Type 'ColumnsType<Metric>' is not assignable to type 'ColumnsType<{ description?: string | undefined; }>'.
            Type 'ColumnGroupType<Metric> | ColumnType<Metric>' is not assignable to type 'ColumnGroupType<{ description?: string | undefined; }> | ColumnType<{ description?: string | undefined; }>'.
              Type 'ColumnType<Metric>' is not assignable to type 'ColumnGroupType<{ description?: string | undefined; }> | ColumnType<{ description?: string | undefined; }>'.
                Type 'ColumnType<Metric>' is not assignable to type 'ColumnType<{ description?: string | undefined; }>'.
                  Types of property 'title' are incompatible.
                    Type 'ColumnTitle<Metric>' is not assignable to type 'ColumnTitle<{ description?: string | undefined; }>'.
                      Type '(props: ColumnTitleProps<Metric>) => ReactNode' is not assignable to type 'ColumnTitle<{ description?: string | undefined; }>'.
                        Type '(props: ColumnTitleProps<Metric>) => ReactNode' is not assignable to type '(props: ColumnTitleProps<{ description?: string | undefined; }>) => ReactNode'.
                          Types of parameters 'props' and 'props' are incompatible.
                            Type 'ColumnTitleProps<{ description?: string | undefined; }>' is not assignable to type 'ColumnTitleProps<Metric>'.
                              Types of property 'sortColumn' are incompatible.
                                Type 'ColumnType<{ description?: string | undefined; }> | undefined' is not assignable to type 'ColumnType<Metric> | undefined'.
                                  Type 'ColumnType<{ description?: string | undefined; }>' is not assignable to type 'ColumnType<Metric>'.
                                    Types of property 'title' are incompatible.
                                      Type 'ColumnTitle<{ description?: string | undefined; }>' is not assignable to type 'ColumnTitle<Metric>'.
                                        Type '(props: ColumnTitleProps<{ description?: string | undefined; }>) => ReactNode' is not assignable to type 'ColumnTitle<Metric>'.
                                          Type '(props: ColumnTitleProps<{ description?: string | undefined; }>) => ReactNode' is not assignable to type '(props: ColumnTitleProps<Metric>) => ReactNode'.
                                            Types of parameters 'props' and 'props' are incompatible.
                                              Type 'ColumnTitleProps<Metric>' is not assignable to type 'ColumnTitleProps<{ description?: string | undefined; }>'.
                                                Type '{ description?: string | undefined; }' is missing the following properties from type 'Metric': id, name
src/pages/NotificationListPage/NotificationListPage.tsx(350,13): error TS2322: Type '(ColumnGroupType<{ description?: string | undefined; }> | ColumnType<{ description?: string | undefined; }> | { title: any; dataIndex: string; width: string; key: string; render: (_: string, record: EventSubscription) => "" | ... 1 more ... | undefined; } | { ...; } | { ...; })[]' is not assignable to type '(ColumnGroupType<{ description?: string | undefined; }> | ColumnType<{ description?: string | undefined; }>)[]'.
  Type 'ColumnGroupType<{ description?: string | undefined; }> | ColumnType<{ description?: string | undefined; }> | { title: any; dataIndex: string; width: string; key: string; render: (_: string, record: EventSubscription) => "" | ... 1 more ... | undefined; } | { ...; } | { ...; }' is not assignable to type 'ColumnGroupType<{ description?: string | undefined; }> | ColumnType<{ description?: string | undefined; }>'.
    Type '{ title: any; dataIndex: string; width: string; key: string; render: (_: string, record: EventSubscription) => "" | JSX.Element | undefined; }' is not assignable to type 'ColumnGroupType<{ description?: string | undefined; }> | ColumnType<{ description?: string | undefined; }>'.
      Type '{ title: any; dataIndex: string; width: string; key: string; render: (_: string, record: EventSubscription) => "" | JSX.Element | undefined; }' is not assignable to type 'ColumnType<{ description?: string | undefined; }>'.
        Types of property 'render' are incompatible.
          Type '(_: string, record: EventSubscription) => "" | JSX.Element | undefined' is not assignable to type '(value: any, record: { description?: string | undefined; }, index: number) => ReactNode | RenderedCell<{ description?: string | undefined; }>'.
            Types of parameters 'record' and 'record' are incompatible.
              Type '{ description?: string | undefined; }' is missing the following properties from type 'EventSubscription': alertType, destinations, id, name
src/pages/ObservabilityAlertsPage/ObservabilityAlertsPage.tsx(325,13): error TS2322: Type '(ColumnGroupType<{ description?: string | undefined; }> | ColumnType<{ description?: string | undefined; }> | { title: any; dataIndex: string; width: string; key: string; render: (_: string, record: EventSubscription) => Element; } | { ...; } | { ...; })[]' is not assignable to type '(ColumnGroupType<{ description?: string | undefined; }> | ColumnType<{ description?: string | undefined; }>)[]'.
  Type 'ColumnGroupType<{ description?: string | undefined; }> | ColumnType<{ description?: string | undefined; }> | { title: any; dataIndex: string; width: string; key: string; render: (_: string, record: EventSubscription) => Element; } | { ...; } | { ...; }' is not assignable to type 'ColumnGroupType<{ description?: string | undefined; }> | ColumnType<{ description?: string | undefined; }>'.
    Type '{ title: any; dataIndex: string; width: string; key: string; render: (_: string, record: EventSubscription) => JSX.Element; }' is not assignable to type 'ColumnGroupType<{ description?: string | undefined; }> | ColumnType<{ description?: string | undefined; }>'.
      Type '{ title: any; dataIndex: string; width: string; key: string; render: (_: string, record: EventSubscription) => JSX.Element; }' is not assignable to type 'ColumnType<{ description?: string | undefined; }>'.
        Types of property 'render' are incompatible.
          Type '(_: string, record: EventSubscription) => JSX.Element' is not assignable to type '(value: any, record: { description?: string | undefined; }, index: number) => ReactNode | RenderedCell<{ description?: string | undefined; }>'.
            Types of parameters 'record' and 'record' are incompatible.
              Type '{ description?: string | undefined; }' is missing the following properties from type 'EventSubscription': alertType, destinations, id, name
src/pages/PlatformLineage/PlatformLineage.tsx(157,32): error TS2339: Property 'fullyQualifiedName' does not exist on type 'Pick<unknown, never> | Pick<TableSearchSource, never> | Pick<TableColumnSearchSource, never> | Pick<TopicSearchSource, never> | ... 36 more ... | Pick<...>'.
  Property 'fullyQualifiedName' does not exist on type 'Pick<unknown, never>'.
src/pages/PoliciesPage/PoliciesDetailPage/PoliciesDetailsList.component.tsx(42,9): error TS2322: Type '(ColumnGroupType<{ description?: string | undefined; }> | ColumnType<{ description?: string | undefined; }> | { title: any; dataIndex: string; width: string; key: string; render: (_: any, record: EntityReference) => Element; })[]' is not assignable to type 'ColumnsType<EntityReference>'.
  Type 'ColumnGroupType<{ description?: string | undefined; }> | ColumnType<{ description?: string | undefined; }> | { title: any; dataIndex: string; width: string; key: string; render: (_: any, record: EntityReference) => Element; }' is not assignable to type 'ColumnGroupType<EntityReference> | ColumnType<EntityReference>'.
    Type 'ColumnGroupType<{ description?: string | undefined; }>' is not assignable to type 'ColumnGroupType<EntityReference> | ColumnType<EntityReference>'.
      Type 'ColumnGroupType<{ description?: string | undefined; }>' is not assignable to type 'ColumnGroupType<EntityReference>'.
        Types of property 'children' are incompatible.
          Type 'ColumnsType<{ description?: string | undefined; }>' is not assignable to type 'ColumnsType<EntityReference>'.
            Type 'ColumnGroupType<{ description?: string | undefined; }> | ColumnType<{ description?: string | undefined; }>' is not assignable to type 'ColumnGroupType<EntityReference> | ColumnType<EntityReference>'.
              Type 'ColumnType<{ description?: string | undefined; }>' is not assignable to type 'ColumnGroupType<EntityReference> | ColumnType<EntityReference>'.
                Type 'ColumnType<{ description?: string | undefined; }>' is not assignable to type 'ColumnType<EntityReference>'.
                  Types of property 'title' are incompatible.
                    Type 'ColumnTitle<{ description?: string | undefined; }>' is not assignable to type 'ColumnTitle<EntityReference>'.
                      Type '(props: ColumnTitleProps<{ description?: string | undefined; }>) => ReactNode' is not assignable to type 'ColumnTitle<EntityReference>'.
                        Type '(props: ColumnTitleProps<{ description?: string | undefined; }>) => ReactNode' is not assignable to type '(props: ColumnTitleProps<EntityReference>) => ReactNode'.
                          Types of parameters 'props' and 'props' are incompatible.
                            Type 'ColumnTitleProps<EntityReference>' is not assignable to type 'ColumnTitleProps<{ description?: string | undefined; }>'.
                              Types of property 'sortColumn' are incompatible.
                                Type 'ColumnType<EntityReference> | undefined' is not assignable to type 'ColumnType<{ description?: string | undefined; }> | undefined'.
                                  Type 'ColumnType<EntityReference>' is not assignable to type 'ColumnType<{ description?: string | undefined; }>'.
                                    Types of property 'title' are incompatible.
                                      Type 'ColumnTitle<EntityReference>' is not assignable to type 'ColumnTitle<{ description?: string | undefined; }>'.
                                        Type '(props: ColumnTitleProps<EntityReference>) => ReactNode' is not assignable to type 'ColumnTitle<{ description?: string | undefined; }>'.
                                          Type '(props: ColumnTitleProps<EntityReference>) => ReactNode' is not assignable to type '(props: ColumnTitleProps<{ description?: string | undefined; }>) => ReactNode'.
                                            Types of parameters 'props' and 'props' are incompatible.
                                              Type 'ColumnTitleProps<{ description?: string | undefined; }>' is not assignable to type 'ColumnTitleProps<EntityReference>'.
                                                Type '{ description?: string | undefined; }' is missing the following properties from type 'EntityReference': id, type
src/pages/PoliciesPage/PoliciesListPage/PoliciesListPage.tsx(109,9): error TS2322: Type '(ColumnGroupType<{ description?: string | undefined; }> | ColumnType<{ description?: string | undefined; }> | { title: any; dataIndex: string; width: string; key: string; render: (_: any, record: Policy) => Element | "-- "; align?: undefined; } | { ...; })[]' is not assignable to type 'ColumnsType<Policy>'.
  Type 'ColumnGroupType<{ description?: string | undefined; }> | ColumnType<{ description?: string | undefined; }> | { title: any; dataIndex: string; width: string; key: string; render: (_: any, record: Policy) => Element | "-- "; align?: undefined; } | { ...; }' is not assignable to type 'ColumnGroupType<Policy> | ColumnType<Policy>'.
    Type 'ColumnGroupType<{ description?: string | undefined; }>' is not assignable to type 'ColumnGroupType<Policy> | ColumnType<Policy>'.
      Type 'ColumnGroupType<{ description?: string | undefined; }>' is not assignable to type 'ColumnGroupType<Policy>'.
        Types of property 'children' are incompatible.
          Type 'ColumnsType<{ description?: string | undefined; }>' is not assignable to type 'ColumnsType<Policy>'.
            Type 'ColumnGroupType<{ description?: string | undefined; }> | ColumnType<{ description?: string | undefined; }>' is not assignable to type 'ColumnGroupType<Policy> | ColumnType<Policy>'.
              Type 'ColumnType<{ description?: string | undefined; }>' is not assignable to type 'ColumnGroupType<Policy> | ColumnType<Policy>'.
                Type 'ColumnType<{ description?: string | undefined; }>' is not assignable to type 'ColumnType<Policy>'.
                  Types of property 'title' are incompatible.
                    Type 'ColumnTitle<{ description?: string | undefined; }>' is not assignable to type 'ColumnTitle<Policy>'.
                      Type '(props: ColumnTitleProps<{ description?: string | undefined; }>) => ReactNode' is not assignable to type 'ColumnTitle<Policy>'.
                        Type '(props: ColumnTitleProps<{ description?: string | undefined; }>) => ReactNode' is not assignable to type '(props: ColumnTitleProps<Policy>) => ReactNode'.
                          Types of parameters 'props' and 'props' are incompatible.
                            Type 'ColumnTitleProps<Policy>' is not assignable to type 'ColumnTitleProps<{ description?: string | undefined; }>'.
                              Types of property 'sortColumn' are incompatible.
                                Type 'ColumnType<Policy> | undefined' is not assignable to type 'ColumnType<{ description?: string | undefined; }> | undefined'.
                                  Type 'ColumnType<Policy>' is not assignable to type 'ColumnType<{ description?: string | undefined; }>'.
                                    Types of property 'title' are incompatible.
                                      Type 'ColumnTitle<Policy>' is not assignable to type 'ColumnTitle<{ description?: string | undefined; }>'.
                                        Type '(props: ColumnTitleProps<Policy>) => ReactNode' is not assignable to type 'ColumnTitle<{ description?: string | undefined; }>'.
                                          Type '(props: ColumnTitleProps<Policy>) => ReactNode' is not assignable to type '(props: ColumnTitleProps<{ description?: string | undefined; }>) => ReactNode'.
                                            Types of parameters 'props' and 'props' are incompatible.
                                              Type 'ColumnTitleProps<{ description?: string | undefined; }>' is not assignable to type 'ColumnTitleProps<Policy>'.
                                                Type '{ description?: string | undefined; }' is missing the following properties from type 'Policy': id, name, rules
src/pages/RolesPage/RolesDetailPage/RolesDetailPageList.component.tsx(43,9): error TS2322: Type '(ColumnGroupType<{ description?: string | undefined; }> | ColumnType<{ description?: string | undefined; }> | { title: any; dataIndex: string; width: string; key: string; render: (_: any, record: EntityReference) => Element; })[]' is not assignable to type 'ColumnsType<EntityReference>'.
  Type 'ColumnGroupType<{ description?: string | undefined; }> | ColumnType<{ description?: string | undefined; }> | { title: any; dataIndex: string; width: string; key: string; render: (_: any, record: EntityReference) => Element; }' is not assignable to type 'ColumnGroupType<EntityReference> | ColumnType<EntityReference>'.
    Type 'ColumnGroupType<{ description?: string | undefined; }>' is not assignable to type 'ColumnGroupType<EntityReference> | ColumnType<EntityReference>'.
      Type 'ColumnGroupType<{ description?: string | undefined; }>' is not assignable to type 'ColumnGroupType<EntityReference>'.
        Types of property 'children' are incompatible.
          Type 'ColumnsType<{ description?: string | undefined; }>' is not assignable to type 'ColumnsType<EntityReference>'.
            Type 'ColumnGroupType<{ description?: string | undefined; }> | ColumnType<{ description?: string | undefined; }>' is not assignable to type 'ColumnGroupType<EntityReference> | ColumnType<EntityReference>'.
              Type 'ColumnType<{ description?: string | undefined; }>' is not assignable to type 'ColumnGroupType<EntityReference> | ColumnType<EntityReference>'.
                Type 'ColumnType<{ description?: string | undefined; }>' is not assignable to type 'ColumnType<EntityReference>'.
                  Types of property 'title' are incompatible.
                    Type 'ColumnTitle<{ description?: string | undefined; }>' is not assignable to type 'ColumnTitle<EntityReference>'.
                      Type '(props: ColumnTitleProps<{ description?: string | undefined; }>) => ReactNode' is not assignable to type 'ColumnTitle<EntityReference>'.
                        Type '(props: ColumnTitleProps<{ description?: string | undefined; }>) => ReactNode' is not assignable to type '(props: ColumnTitleProps<EntityReference>) => ReactNode'.
                          Types of parameters 'props' and 'props' are incompatible.
                            Type 'ColumnTitleProps<EntityReference>' is not assignable to type 'ColumnTitleProps<{ description?: string | undefined; }>'.
                              Types of property 'sortColumn' are incompatible.
                                Type 'ColumnType<EntityReference> | undefined' is not assignable to type 'ColumnType<{ description?: string | undefined; }> | undefined'.
                                  Type 'ColumnType<EntityReference>' is not assignable to type 'ColumnType<{ description?: string | undefined; }>'.
                                    Types of property 'title' are incompatible.
                                      Type 'ColumnTitle<EntityReference>' is not assignable to type 'ColumnTitle<{ description?: string | undefined; }>'.
                                        Type '(props: ColumnTitleProps<EntityReference>) => ReactNode' is not assignable to type 'ColumnTitle<{ description?: string | undefined; }>'.
                                          Type '(props: ColumnTitleProps<EntityReference>) => ReactNode' is not assignable to type '(props: ColumnTitleProps<{ description?: string | undefined; }>) => ReactNode'.
                                            Types of parameters 'props' and 'props' are incompatible.
                                              Type 'ColumnTitleProps<{ description?: string | undefined; }>' is not assignable to type 'ColumnTitleProps<EntityReference>'.
                                                Type '{ description?: string | undefined; }' is missing the following properties from type 'EntityReference': id, type
src/pages/RolesPage/RolesListPage/RolesListPage.tsx(110,9): error TS2322: Type '(ColumnGroupType<{ description?: string | undefined; }> | ColumnType<{ description?: string | undefined; }> | { title: any; dataIndex: string; width: string; key: string; render: (_: any, record: Role) => Element | "-- "; align?: undefined; } | { ...; })[]' is not assignable to type 'ColumnsType<Role>'.
  Type 'ColumnGroupType<{ description?: string | undefined; }> | ColumnType<{ description?: string | undefined; }> | { title: any; dataIndex: string; width: string; key: string; render: (_: any, record: Role) => Element | "-- "; align?: undefined; } | { ...; }' is not assignable to type 'ColumnGroupType<Role> | ColumnType<Role>'.
    Type 'ColumnGroupType<{ description?: string | undefined; }>' is not assignable to type 'ColumnGroupType<Role> | ColumnType<Role>'.
      Type 'ColumnGroupType<{ description?: string | undefined; }>' is not assignable to type 'ColumnGroupType<Role>'.
        Types of property 'children' are incompatible.
          Type 'ColumnsType<{ description?: string | undefined; }>' is not assignable to type 'ColumnsType<Role>'.
            Type 'ColumnGroupType<{ description?: string | undefined; }> | ColumnType<{ description?: string | undefined; }>' is not assignable to type 'ColumnGroupType<Role> | ColumnType<Role>'.
              Type 'ColumnType<{ description?: string | undefined; }>' is not assignable to type 'ColumnGroupType<Role> | ColumnType<Role>'.
                Type 'ColumnType<{ description?: string | undefined; }>' is not assignable to type 'ColumnType<Role>'.
                  Types of property 'title' are incompatible.
                    Type 'ColumnTitle<{ description?: string | undefined; }>' is not assignable to type 'ColumnTitle<Role>'.
                      Type '(props: ColumnTitleProps<{ description?: string | undefined; }>) => ReactNode' is not assignable to type 'ColumnTitle<Role>'.
                        Type '(props: ColumnTitleProps<{ description?: string | undefined; }>) => ReactNode' is not assignable to type '(props: ColumnTitleProps<Role>) => ReactNode'.
                          Types of parameters 'props' and 'props' are incompatible.
                            Type 'ColumnTitleProps<Role>' is not assignable to type 'ColumnTitleProps<{ description?: string | undefined; }>'.
                              Types of property 'sortColumn' are incompatible.
                                Type 'ColumnType<Role> | undefined' is not assignable to type 'ColumnType<{ description?: string | undefined; }> | undefined'.
                                  Type 'ColumnType<Role>' is not assignable to type 'ColumnType<{ description?: string | undefined; }>'.
                                    Types of property 'title' are incompatible.
                                      Type 'ColumnTitle<Role>' is not assignable to type 'ColumnTitle<{ description?: string | undefined; }>'.
                                        Type '(props: ColumnTitleProps<Role>) => ReactNode' is not assignable to type 'ColumnTitle<{ description?: string | undefined; }>'.
                                          Type '(props: ColumnTitleProps<Role>) => ReactNode' is not assignable to type '(props: ColumnTitleProps<{ description?: string | undefined; }>) => ReactNode'.
                                            Types of parameters 'props' and 'props' are incompatible.
                                              Type 'ColumnTitleProps<{ description?: string | undefined; }>' is not assignable to type 'ColumnTitleProps<Role>'.
                                                Type '{ description?: string | undefined; }' is missing the following properties from type 'Role': id, name
src/pages/SignUp/SignUpPage.tsx(89,7): error TS2783: 'displayName' is specified more than once, so this usage will be overwritten.
src/pages/SpreadsheetDetailsPage/SpreadsheetDetailsPage.tsx(175,15): error TS2339: Property 'newValue' does not exist on type '{ newValue: EntityReference[]; } | {}'.
src/pages/StoredProcedure/StoredProcedureTab.tsx(165,9): error TS2322: Type '(ColumnGroupType<{ description?: string | undefined; }> | ColumnType<{ description?: string | undefined; }> | { title: any; dataIndex: string; key: string; width: number; sorter: (a: ServicePageData, b: ServicePageData) => number; render: (_: any, record: ServicePageData) => Element; })[]' is not assignable to type 'ColumnsType<ServicePageData>'.
  Type 'ColumnGroupType<{ description?: string | undefined; }> | ColumnType<{ description?: string | undefined; }> | { title: any; dataIndex: string; key: string; width: number; sorter: (a: ServicePageData, b: ServicePageData) => number; render: (_: any, record: ServicePageData) => Element; }' is not assignable to type 'ColumnGroupType<ServicePageData> | ColumnType<ServicePageData>'.
    Type 'ColumnGroupType<{ description?: string | undefined; }>' is not assignable to type 'ColumnGroupType<ServicePageData> | ColumnType<ServicePageData>'.
      Type 'ColumnGroupType<{ description?: string | undefined; }>' is not assignable to type 'ColumnGroupType<ServicePageData>'.
        Types of property 'children' are incompatible.
          Type 'ColumnsType<{ description?: string | undefined; }>' is not assignable to type 'ColumnsType<ServicePageData>'.
            Type 'ColumnGroupType<{ description?: string | undefined; }> | ColumnType<{ description?: string | undefined; }>' is not assignable to type 'ColumnGroupType<ServicePageData> | ColumnType<ServicePageData>'.
              Type 'ColumnType<{ description?: string | undefined; }>' is not assignable to type 'ColumnGroupType<ServicePageData> | ColumnType<ServicePageData>'.
                Type 'ColumnType<{ description?: string | undefined; }>' is not assignable to type 'ColumnType<ServicePageData>'.
                  Types of property 'title' are incompatible.
                    Type 'ColumnTitle<{ description?: string | undefined; }>' is not assignable to type 'ColumnTitle<ServicePageData>'.
                      Type '(props: ColumnTitleProps<{ description?: string | undefined; }>) => ReactNode' is not assignable to type 'ColumnTitle<ServicePageData>'.
                        Type '(props: ColumnTitleProps<{ description?: string | undefined; }>) => ReactNode' is not assignable to type '(props: ColumnTitleProps<ServicePageData>) => ReactNode'.
                          Types of parameters 'props' and 'props' are incompatible.
                            Type 'ColumnTitleProps<ServicePageData>' is not assignable to type 'ColumnTitleProps<{ description?: string | undefined; }>'.
                              Types of property 'sortColumn' are incompatible.
                                Type 'ColumnType<ServicePageData> | undefined' is not assignable to type 'ColumnType<{ description?: string | undefined; }> | undefined'.
                                  Type 'ColumnType<ServicePageData>' is not assignable to type 'ColumnType<{ description?: string | undefined; }>'.
                                    Types of property 'title' are incompatible.
                                      Type 'ColumnTitle<ServicePageData>' is not assignable to type 'ColumnTitle<{ description?: string | undefined; }>'.
                                        Type '(props: ColumnTitleProps<ServicePageData>) => ReactNode' is not assignable to type 'ColumnTitle<{ description?: string | undefined; }>'.
                                          Type '(props: ColumnTitleProps<ServicePageData>) => ReactNode' is not assignable to type '(props: ColumnTitleProps<{ description?: string | undefined; }>) => ReactNode'.
                                            Types of parameters 'props' and 'props' are incompatible.
                                              Type 'ColumnTitleProps<{ description?: string | undefined; }>' is not assignable to type 'ColumnTitleProps<ServicePageData>'.
                                                Type '{ description?: string | undefined; }' is not assignable to type 'ServicePageData'.
                                                  Type '{ description?: string | undefined; }' is missing the following properties from type 'Topic': id, name, partitions, service
src/pages/TasksPage/shared/DiffView/DiffView.test.tsx(55,22): error TS2322: Type '({ count: number; value: string; removed?: undefined; added?: undefined; } | { count: number; removed: boolean; value: string; added?: undefined; } | { count: number; added: boolean; value: string; removed?: undefined; })[]' is not assignable to type 'Change[]'.
  Type '{ count: number; value: string; removed?: undefined; added?: undefined; } | { count: number; removed: boolean; value: string; added?: undefined; } | { count: number; added: boolean; value: string; removed?: undefined; }' is not assignable to type 'Change'.
    Type '{ count: number; value: string; removed?: undefined; added?: undefined; }' is not assignable to type 'ChangeObject<string>'.
      Types of property 'added' are incompatible.
        Type 'undefined' is not assignable to type 'boolean'.
src/pages/TasksPage/shared/DiffView/DiffView.test.tsx(74,22): error TS2322: Type '({ count: number; value: string; removed?: undefined; added?: undefined; } | { count: number; removed: boolean; value: string; added?: undefined; } | { count: number; added: boolean; value: string; removed?: undefined; })[]' is not assignable to type 'Change[]'.
  Type '{ count: number; value: string; removed?: undefined; added?: undefined; } | { count: number; removed: boolean; value: string; added?: undefined; } | { count: number; added: boolean; value: string; removed?: undefined; }' is not assignable to type 'Change'.
    Type '{ count: number; value: string; removed?: undefined; added?: undefined; }' is not assignable to type 'ChangeObject<string>'.
      Types of property 'added' are incompatible.
        Type 'undefined' is not assignable to type 'boolean'.
src/pages/TasksPage/shared/TagsDiffView.test.tsx(19,18): error TS2352: Conversion of type '({ count: number; removed: true; value: { tagFQN: string; description: string; source: "Classification"; labelType: "Manual"; state: "Suggested"; }[]; } | { count: number; added: true; value: { labelType: "Manual"; state: "Suggested"; source: "Classification"; tagFQN: string; }[]; })[]' to type 'ArrayChange<TagLabel>[]' may be a mistake because neither type sufficiently overlaps with the other. If this was intentional, convert the expression to 'unknown' first.
  Type '{ count: number; removed: true; value: { tagFQN: string; description: string; source: "Classification"; labelType: "Manual"; state: "Suggested"; }[]; } | { count: number; added: true; value: { labelType: "Manual"; state: "Suggested"; source: "Classification"; tagFQN: string; }[]; }' is not comparable to type 'ArrayChange<TagLabel>'.
    Property 'removed' is missing in type '{ count: number; added: true; value: { labelType: "Manual"; state: "Suggested"; source: "Classification"; tagFQN: string; }[]; }' but required in type 'ChangeObject<TagLabel[]>'.
src/pages/TasksPage/shared/TagsDiffView.test.tsx(68,23): error TS2352: Conversion of type '{ count: number; value: never[]; }[]' to type 'ArrayChange<TagLabel>[]' may be a mistake because neither type sufficiently overlaps with the other. If this was intentional, convert the expression to 'unknown' first.
  Type '{ count: number; value: never[]; }' is missing the following properties from type 'ChangeObject<TagLabel[]>': added, removed
src/pages/WorksheetDetailsPage/WorksheetDetailsPage.tsx(213,15): error TS2339: Property 'newValue' does not exist on type '{ newValue: EntityReference[]; } | {}'.
src/rest/dataModelsAPI.ts(130,19): error TS2339: Property 'includeRelations' does not exist on type 'DataModelColumnParams'.
src/rest/dataModelsAPI.ts(149,19): error TS2339: Property 'includeRelations' does not exist on type 'SearchDataModelColumnsParams'.
src/rest/lineageAPI.test.ts(115,7): error TS2739: Type '{ upstreamDepth: number; downstreamDepth: number; }' is missing the following properties from type 'LineageConfig': nodesPerLayer, pipelineViewMode
src/rest/searchAPI.ts(62,5): error TS2536: Type 'SI extends SearchIndex[] ? SI[number] : SI' cannot be used to index type 'SearchIndexSearchSourceMapping'.
src/rest/searchAPI.ts(105,42): error TS2536: Type 'SI extends SearchIndex[] ? SI[number] : SI' cannot be used to index type 'SearchIndexSearchSourceMapping'.
src/rest/searchAPI.ts(109,40): error TS2536: Type 'SI extends SearchIndex[] ? SI[number] : SI' cannot be used to index type 'SearchIndexSearchSourceMapping'.
src/rest/searchAPI.ts(112,25): error TS2339: Property 'entityType' does not exist on type 'SearchIndexSearchSourceMapping[SI extends SearchIndex[] ? SI[number] : SI]'.
src/rest/searchAPI.ts(148,5): error TS2536: Type 'SI extends SearchIndex[] ? SI[number] : SI' cannot be used to index type 'SearchIndexSearchSourceMapping'.
src/rest/searchAPI.ts(224,5): error TS2536: Type 'SI extends SearchIndex[] ? SI[number] : SI' cannot be used to index type 'SearchIndexSearchSourceMapping'.
src/utils/Alerts/AlertsUtil.tsx(166,23): error TS2339: Property 'fullyQualifiedName' does not exist on type 'Pick<unknown, never> | Pick<TableSearchSource, never> | Pick<TableColumnSearchSource, never> | Pick<TopicSearchSource, never> | ... 36 more ... | Pick<...>'.
  Property 'fullyQualifiedName' does not exist on type 'Pick<unknown, never>'.
src/utils/Alerts/AlertsUtil.tsx(171,23): error TS2339: Property 'entityType' does not exist on type 'Pick<unknown, never> | Pick<TableSearchSource, never> | Pick<TableColumnSearchSource, never> | Pick<TopicSearchSource, never> | ... 36 more ... | Pick<...>'.
  Property 'entityType' does not exist on type 'Pick<unknown, never>'.
src/utils/Alerts/AlertsUtil.tsx(172,58): error TS2339: Property 'entityType' does not exist on type 'Pick<unknown, never> | Pick<TableSearchSource, never> | Pick<TableColumnSearchSource, never> | Pick<TopicSearchSource, never> | ... 36 more ... | Pick<...>'.
  Property 'entityType' does not exist on type 'Pick<unknown, never>'.
src/utils/Alerts/AlertsUtil.tsx(178,31): error TS2339: Property 'entityType' does not exist on type 'Pick<unknown, never> | Pick<TableSearchSource, never> | Pick<TableColumnSearchSource, never> | Pick<TopicSearchSource, never> | ... 36 more ... | Pick<...>'.
  Property 'entityType' does not exist on type 'Pick<unknown, never>'.
src/utils/Alerts/AlertsUtil.tsx(180,23): error TS2339: Property 'fullyQualifiedName' does not exist on type 'Pick<unknown, never> | Pick<TableSearchSource, never> | Pick<TableColumnSearchSource, never> | Pick<TopicSearchSource, never> | ... 36 more ... | Pick<...>'.
  Property 'fullyQualifiedName' does not exist on type 'Pick<unknown, never>'.
src/utils/Alerts/AlertsUtil.tsx(938,32): error TS2339: Property 'id' does not exist on type 'Pick<unknown, never> | Pick<TableSearchSource, never> | Pick<TableColumnSearchSource, never> | Pick<TopicSearchSource, never> | ... 36 more ... | Pick<...>'.
  Property 'id' does not exist on type 'Pick<unknown, never>'.
src/utils/Alerts/AlertsUtil.tsx(939,33): error TS2339: Property 'fullyQualifiedName' does not exist on type 'Pick<unknown, never> | Pick<TableSearchSource, never> | Pick<TableColumnSearchSource, never> | Pick<TopicSearchSource, never> | ... 36 more ... | Pick<...>'.
  Property 'fullyQualifiedName' does not exist on type 'Pick<unknown, never>'.
src/utils/APIUtils.ts(143,7): error TS2322: Type 'string' is not assignable to type 'never'.
src/utils/AuthProviderUtil.test.ts(111,13): error TS2322: Type '{ preferred_username: string; email: string; name: string; picture: string; }' is not assignable to type 'UserProfile'.
  Property 'sub' is missing in type '{ preferred_username: string; email: string; name: string; picture: string; }' but required in type 'Pick<Profile, "preferred_username" | "sub">'.
src/utils/AuthProviderUtil.test.ts(124,13): error TS2322: Type '{ preferred_username: string; email: string; name: string; picture: string; }' is not assignable to type 'UserProfile'.
  Property 'sub' is missing in type '{ preferred_username: string; email: string; name: string; picture: string; }' but required in type 'Pick<Profile, "preferred_username" | "sub">'.
src/utils/AuthProviderUtil.test.ts(139,13): error TS2322: Type '{ email: string; name: string; picture: string; }' is not assignable to type 'UserProfile'.
  Property 'sub' is missing in type '{ email: string; name: string; picture: string; }' but required in type 'Pick<Profile, "preferred_username" | "sub">'.
src/utils/AuthProviderUtil.test.ts(151,13): error TS2322: Type '{ email: string; name: string; picture: string; }' is not assignable to type 'UserProfile'.
  Property 'sub' is missing in type '{ email: string; name: string; picture: string; }' but required in type 'Pick<Profile, "preferred_username" | "sub">'.
src/utils/AuthProviderUtil.test.ts(194,13): error TS2322: Type '{ name: string; email: string; picture: string; }' is not assignable to type 'UserProfile'.
  Property 'sub' is missing in type '{ name: string; email: string; picture: string; }' but required in type 'Pick<Profile, "preferred_username" | "sub">'.
src/utils/AuthProviderUtil.test.ts(206,13): error TS2322: Type '{ picture: string; name: string; email: string; }' is not assignable to type 'UserProfile'.
  Property 'sub' is missing in type '{ picture: string; name: string; email: string; }' but required in type 'Pick<Profile, "preferred_username" | "sub">'.
src/utils/AuthProviderUtil.test.ts(279,13): error TS2322: Type '{ name: string; email: string; picture: string; }' is not assignable to type 'UserProfile'.
  Property 'sub' is missing in type '{ name: string; email: string; picture: string; }' but required in type 'Pick<Profile, "preferred_username" | "sub">'.
src/utils/AuthProviderUtil.test.ts(318,13): error TS2322: Type '{ email: string; name: string; picture: string; }' is not assignable to type 'UserProfile'.
  Property 'sub' is missing in type '{ email: string; name: string; picture: string; }' but required in type 'Pick<Profile, "preferred_username" | "sub">'.
src/utils/AuthProviderUtil.test.ts(361,13): error TS2322: Type '{ preferred_username: string; email: string; name: string; picture: string; }' is not assignable to type 'UserProfile'.
  Property 'sub' is missing in type '{ preferred_username: string; email: string; name: string; picture: string; }' but required in type 'Pick<Profile, "preferred_username" | "sub">'.
src/utils/CoverImageUploadUtils.tsx(241,9): error TS2345: Argument of type '(message: ReactNode, options?: Record<string, unknown> | undefined) => void' is not assignable to parameter of type 'EnqueueSnackbar'.
  Type 'void' is not assignable to type 'SnackbarKey'.
src/utils/CoverImageUploadUtils.tsx(252,9): error TS2345: Argument of type '(message: ReactNode, options?: Record<string, unknown> | undefined) => void' is not assignable to parameter of type 'EnqueueSnackbar'.
  Type 'void' is not assignable to type 'SnackbarKey'.
src/utils/CoverImageUploadUtils.tsx(267,7): error TS2345: Argument of type '(message: ReactNode, options?: Record<string, unknown> | undefined) => void' is not assignable to parameter of type 'EnqueueSnackbar'.
  Type 'void' is not assignable to type 'SnackbarKey'.
src/utils/CSV/CSV.utils.tsx(156,9): error TS2322: Type 'string | undefined' is not assignable to type 'string'.
  Type 'undefined' is not assignable to type 'string'.
src/utils/CSV/CSV.utils.tsx(351,24): error TS2352: Conversion of type 'ExtensionDataTypes' to type '{ start: string; end: string; }' may be a mistake because neither type sufficiently overlaps with the other. If this was intentional, convert the expression to 'unknown' first.
  Type '{ start: number; end: number; }' is not comparable to type '{ start: string; end: string; }'.
    Types of property 'start' are incompatible.
      Type 'number' is not comparable to type 'string'.
src/utils/CustomizaNavigation/CustomizeNavigation.test.ts(1030,46): error TS2345: Argument of type '{ key: string; title: string; icon: string; dataTestId: string; }[]' is not assignable to parameter of type 'LeftSidebarItem[]'.
  Type '{ key: string; title: string; icon: string; dataTestId: string; }' is not assignable to type 'LeftSidebarItem'.
    Types of property 'icon' are incompatible.
      Type 'string' is not assignable to type 'SvgComponent'.
src/utils/CustomizaNavigation/CustomizeNavigation.test.ts(1045,46): error TS2345: Argument of type '{ key: string; title: string; icon: string; dataTestId: string; }[]' is not assignable to parameter of type 'LeftSidebarItem[]'.
  Type '{ key: string; title: string; icon: string; dataTestId: string; }' is not assignable to type 'LeftSidebarItem'.
    Types of property 'icon' are incompatible.
      Type 'string' is not assignable to type 'SvgComponent'.
src/utils/CustomizaNavigation/CustomizeNavigation.test.ts(1062,46): error TS2345: Argument of type '{ key: string; title: string; icon: string; dataTestId: string; }[]' is not assignable to parameter of type 'LeftSidebarItem[]'.
  Type '{ key: string; title: string; icon: string; dataTestId: string; }' is not assignable to type 'LeftSidebarItem'.
    Types of property 'icon' are incompatible.
      Type 'string' is not assignable to type 'SvgComponent'.
src/utils/CustomizaNavigation/CustomizeNavigation.test.ts(1081,46): error TS2345: Argument of type '{ key: string; title: string; icon: string; dataTestId: string; }[]' is not assignable to parameter of type 'LeftSidebarItem[]'.
  Type '{ key: string; title: string; icon: string; dataTestId: string; }' is not assignable to type 'LeftSidebarItem'.
    Types of property 'icon' are incompatible.
      Type 'string' is not assignable to type 'SvgComponent'.
src/utils/CustomizaNavigation/CustomizeNavigation.test.ts(1113,46): error TS2345: Argument of type '{ key: string; title: string; icon: string; dataTestId: string; }[]' is not assignable to parameter of type 'LeftSidebarItem[]'.
  Type '{ key: string; title: string; icon: string; dataTestId: string; }' is not assignable to type 'LeftSidebarItem'.
    Types of property 'icon' are incompatible.
      Type 'string' is not assignable to type 'SvgComponent'.
src/utils/CustomizaNavigation/CustomizeNavigation.test.ts(1134,46): error TS2345: Argument of type '{ key: string; title: string; icon: string; dataTestId: string; }[]' is not assignable to parameter of type 'LeftSidebarItem[]'.
  Type '{ key: string; title: string; icon: string; dataTestId: string; }' is not assignable to type 'LeftSidebarItem'.
    Types of property 'icon' are incompatible.
      Type 'string' is not assignable to type 'SvgComponent'.
src/utils/CustomizaNavigation/CustomizeNavigation.test.ts(1161,9): error TS2345: Argument of type '{ key: string; title: string; icon: string; dataTestId: string; }[]' is not assignable to parameter of type 'LeftSidebarItem[]'.
  Type '{ key: string; title: string; icon: string; dataTestId: string; }' is not assignable to type 'LeftSidebarItem'.
    Types of property 'icon' are incompatible.
      Type 'string' is not assignable to type 'SvgComponent'.
src/utils/CustomizaNavigation/CustomizeNavigation.test.ts(1191,9): error TS2345: Argument of type '{ key: string; title: string; icon: string; dataTestId: string; }[]' is not assignable to parameter of type 'LeftSidebarItem[]'.
  Type '{ key: string; title: string; icon: string; dataTestId: string; }' is not assignable to type 'LeftSidebarItem'.
    Types of property 'icon' are incompatible.
      Type 'string' is not assignable to type 'SvgComponent'.
src/utils/CustomizaNavigation/CustomizeNavigation.test.ts(1211,46): error TS2345: Argument of type '{ key: string; title: string; icon: string; dataTestId: string; }[]' is not assignable to parameter of type 'LeftSidebarItem[]'.
  Type '{ key: string; title: string; icon: string; dataTestId: string; }' is not assignable to type 'LeftSidebarItem'.
    Types of property 'icon' are incompatible.
      Type 'string' is not assignable to type 'SvgComponent'.
src/utils/CustomizaNavigation/CustomizeNavigation.test.ts(1238,9): error TS2345: Argument of type '{ key: string; title: string; icon: string; dataTestId: string; }[]' is not assignable to parameter of type 'LeftSidebarItem[]'.
  Type '{ key: string; title: string; icon: string; dataTestId: string; }' is not assignable to type 'LeftSidebarItem'.
    Types of property 'icon' are incompatible.
      Type 'string' is not assignable to type 'SvgComponent'.
src/utils/CustomizaNavigation/CustomizeNavigation.test.ts(1294,9): error TS2345: Argument of type '{ key: string; title: string; icon: string; dataTestId: string; }[]' is not assignable to parameter of type 'LeftSidebarItem[]'.
  Type '{ key: string; title: string; icon: string; dataTestId: string; }' is not assignable to type 'LeftSidebarItem'.
    Types of property 'icon' are incompatible.
      Type 'string' is not assignable to type 'SvgComponent'.
src/utils/CustomizePage/CustomizePageUtils.ts(358,14): error TS2352: Conversion of type 'Record<string, unknown>' to type 'EntityUnion' may be a mistake because neither type sufficiently overlaps with the other. If this was intentional, convert the expression to 'unknown' first.
  Type 'Record<string, unknown>' is missing the following properties from type 'Table': columns, id, name
src/utils/DataAssetsVersionHeaderUtils.tsx(208,31): error TS1361: 'UnitOfMeasurement' cannot be used as a value because it was imported using 'import type'.
src/utils/DataQuality/DataQualityPureUtils.ts(146,68): error TS2339: Property 'displayName' does not exist on type 'TestCaseFormType'.
src/utils/DataQuality/DataQualityPureUtils.ts(154,41): error TS2339: Property 'dimensionColumns' does not exist on type 'TestCaseFormType'.
src/utils/DataQuality/DataQualityPureUtils.ts(156,15): error TS2339: Property 'dimensionColumns' does not exist on type 'TestCaseFormType'.
src/utils/DataQuality/DataQualityPureUtils.ts(157,38): error TS2339: Property 'topDimensions' does not exist on type 'TestCaseFormType'.
src/utils/DataQuality/DataQualityPureUtils.ts(159,15): error TS2339: Property 'topDimensions' does not exist on type 'TestCaseFormType'.
src/utils/Domain/DomainClassBase.test.ts(85,25): error TS2339: Property 'isGovernanceView' does not exist on type '{}'.
src/utils/Domain/DomainClassBase.test.ts(94,25): error TS2339: Property 'initialFilters' does not exist on type '{}'.
src/utils/Domain/DomainClassBase.test.ts(107,25): error TS2339: Property 'initialFilters' does not exist on type '{}'.
src/utils/Domain/DomainClassBase.test.ts(116,25): error TS2339: Property 'className' does not exist on type '{}'.
src/utils/EntityGovernanceBreadcrumbUtils.ts(305,17): error TS2551: Property 'KNOWLEDGE_CENTER' does not exist on type '{ HOME: string; CALLBACK: string; SILENT_CALLBACK: string; NOT_FOUND: string; FORBIDDEN: string; UNAUTHORISED: string; LOGOUT: string; PLATFORM_LINEAGE: string; PLATFORM_LINEAGE_WITH_FQN: string; ... 141 more ...; SETTINGS_SSO: string; }'. Did you mean 'KNOWLEDGE_CENTER_PAGE'?
src/utils/EntityLineageUtils.test.tsx(1416,37): error TS2345: Argument of type '(array: List<unknown> | null | undefined) => List<unknown>' is not assignable to parameter of type '(array: List<unknown> | null | undefined, comparator?: Comparator<unknown> | undefined) => unknown[]'.
  Type 'ArrayLike<unknown>' is missing the following properties from type 'unknown[]': pop, push, concat, join, and 34 more.
src/utils/EntityLineageUtils.test.tsx(1801,28): error TS2488: Type 'List<unknown>' must have a '[Symbol.iterator]()' method that returns an iterator.
src/utils/EntityLink.ts(13,20): error TS7016: Could not find a declaration file for module 'antlr4'. '/Users/seop/om-work/om-1.13.2-rehearsal/openmetadata-ui/src/main/resources/ui/node_modules/antlr4/src/antlr4/index.js' implicitly has an 'any' type.
  Try `npm i --save-dev @types/antlr4` if it exists or add a new declaration (.d.ts) file containing `declare module 'antlr4';`
src/utils/EntityNameUtils.ts(237,15): error TS2339: Property 'KNOWLEDGE_CENTER' does not exist on type 'typeof EntityType'.
src/utils/EntitySummaryPanelUtilsV1.tsx(626,37): error TS2339: Property 'glossaryTerms' does not exist on type 'Task'.
src/utils/EntitySummaryPanelUtilsV1.tsx(735,32): error TS2345: Argument of type '(endpoint: EntityReference) => JSX.Element' is not assignable to parameter of type '(value: APIEndpoint, index: number, array: APIEndpoint[]) => Element'.
  Types of parameters 'endpoint' and 'value' are incompatible.
    Property 'type' is missing in type 'APIEndpoint' but required in type 'EntityReference'.
src/utils/EntitySummaryPanelUtilsV1.tsx(737,13): error TS2345: Argument of type 'string | undefined' is not assignable to parameter of type 'string'.
  Type 'undefined' is not assignable to type 'string'.
src/utils/EntitySummaryPanelUtilsV1.tsx(743,36): error TS2339: Property 'requestMethod' does not exist on type 'EntityReference'.
src/utils/EntitySummaryPanelUtilsV1.tsx(747,32): error TS2339: Property 'tags' does not exist on type 'EntityReference'.
src/utils/EntitySummaryPanelUtilsV1.tsx(895,61): error TS2345: Argument of type 'string | undefined' is not assignable to parameter of type 'string'.
  Type 'undefined' is not assignable to type 'string'.
src/utils/EntitySummaryPanelUtilsV1.tsx(904,29): error TS2339: Property 'tags' does not exist on type 'EntityReference'.
src/utils/EntitySummaryPanelUtilsV1.tsx(1164,30): error TS2339: Property 'tags' does not exist on type 'EntityReference'.
src/utils/EntitySummaryPanelUtilsV1.tsx(1314,11): error TS2322: Type 'SourceType' is not assignable to type 'Database'.
  Type 'Pick<TableSearchSource, "databaseSchema" | "database" | Fields | "usageSummary" | "tableType"> & { id?: string | undefined; tier?: string | TagLabel | undefined; ... 5 more ...; owners?: Partial<...>[] | undefined; }' is not assignable to type 'Database'.
    Types of property 'id' are incompatible.
      Type 'string | undefined' is not assignable to type 'string'.
        Type 'undefined' is not assignable to type 'string'.
src/utils/EntityVersionClassBase.ts(24,5): error TS2418: Type of computed property's value is 'LazyExoticComponent<FC<TableVersionProp>>', which is not assignable to type 'LazyExoticComponent<ComponentType<Record<string, unknown>>>'.
  Type 'FC<TableVersionProp>' is not assignable to type 'ComponentType<Record<string, unknown>>'.
    Type 'FunctionComponent<TableVersionProp>' is not assignable to type 'FunctionComponent<Record<string, unknown>>'.
      Types of parameters 'props' and 'props' are incompatible.
        Type 'Record<string, unknown>' is missing the following properties from type 'TableVersionProp': currentVersionData, isVersionLoading, owners, domains, and 7 more.
src/utils/EntityVersionClassBase.ts(27,5): error TS2418: Type of computed property's value is 'LazyExoticComponent<FC<TopicVersionProp>>', which is not assignable to type 'LazyExoticComponent<ComponentType<Record<string, unknown>>>'.
  Type 'FC<TopicVersionProp>' is not assignable to type 'ComponentType<Record<string, unknown>>'.
    Type 'FunctionComponent<TopicVersionProp>' is not assignable to type 'FunctionComponent<Record<string, unknown>>'.
      Types of parameters 'props' and 'props' are incompatible.
        Type 'Record<string, unknown>' is missing the following properties from type 'TopicVersionProp': currentVersionData, isVersionLoading, owners, domains, and 7 more.
src/utils/EntityVersionClassBase.ts(30,5): error TS2418: Type of computed property's value is 'LazyExoticComponent<FC<DashboardVersionProp>>', which is not assignable to type 'LazyExoticComponent<ComponentType<Record<string, unknown>>>'.
  Type 'FC<DashboardVersionProp>' is not assignable to type 'ComponentType<Record<string, unknown>>'.
    Type 'FunctionComponent<DashboardVersionProp>' is not assignable to type 'FunctionComponent<Record<string, unknown>>'.
      Types of parameters 'props' and 'props' are incompatible.
        Type 'Record<string, unknown>' is missing the following properties from type 'DashboardVersionProp': currentVersionData, isVersionLoading, owners, domains, and 7 more.
src/utils/EntityVersionClassBase.ts(36,5): error TS2418: Type of computed property's value is 'LazyExoticComponent<FC<PipelineVersionProp>>', which is not assignable to type 'LazyExoticComponent<ComponentType<Record<string, unknown>>>'.
  Type 'FC<PipelineVersionProp>' is not assignable to type 'ComponentType<Record<string, unknown>>'.
    Type 'FunctionComponent<PipelineVersionProp>' is not assignable to type 'FunctionComponent<Record<string, unknown>>'.
      Types of parameters 'props' and 'props' are incompatible.
        Type 'Record<string, unknown>' is missing the following properties from type 'PipelineVersionProp': currentVersionData, isVersionLoading, owners, domains, and 7 more.
src/utils/EntityVersionClassBase.ts(42,5): error TS2418: Type of computed property's value is 'LazyExoticComponent<FC<MlModelVersionProp>>', which is not assignable to type 'LazyExoticComponent<ComponentType<Record<string, unknown>>>'.
  Type 'FC<MlModelVersionProp>' is not assignable to type 'ComponentType<Record<string, unknown>>'.
    Type 'FunctionComponent<MlModelVersionProp>' is not assignable to type 'FunctionComponent<Record<string, unknown>>'.
      Types of parameters 'props' and 'props' are incompatible.
        Type 'Record<string, unknown>' is missing the following properties from type 'MlModelVersionProp': currentVersionData, isVersionLoading, owners, domains, and 7 more.
src/utils/EntityVersionClassBase.ts(46,5): error TS2418: Type of computed property's value is 'LazyExoticComponent<FC<ContainerVersionProp>>', which is not assignable to type 'LazyExoticComponent<ComponentType<Record<string, unknown>>>'.
  Type 'FC<ContainerVersionProp>' is not assignable to type 'ComponentType<Record<string, unknown>>'.
    Type 'FunctionComponent<ContainerVersionProp>' is not assignable to type 'FunctionComponent<Record<string, unknown>>'.
      Types of parameters 'props' and 'props' are incompatible.
        Type 'Record<string, unknown>' is missing the following properties from type 'ContainerVersionProp': currentVersionData, isVersionLoading, owners, domains, and 7 more.
src/utils/EntityVersionClassBase.ts(52,5): error TS2418: Type of computed property's value is 'LazyExoticComponent<FC<SearchIndexVersionProps>>', which is not assignable to type 'LazyExoticComponent<ComponentType<Record<string, unknown>>>'.
  Type 'FC<SearchIndexVersionProps>' is not assignable to type 'ComponentType<Record<string, unknown>>'.
    Type 'FunctionComponent<SearchIndexVersionProps>' is not assignable to type 'FunctionComponent<Record<string, unknown>>'.
      Types of parameters 'props' and 'props' are incompatible.
        Type 'Record<string, unknown>' is missing the following properties from type 'SearchIndexVersionProps': currentVersionData, isVersionLoading, owners, domains, and 7 more.
src/utils/EntityVersionClassBase.ts(55,5): error TS2418: Type of computed property's value is 'LazyExoticComponent<FC<DataModelVersionProp>>', which is not assignable to type 'LazyExoticComponent<ComponentType<Record<string, unknown>>>'.
  Type 'FC<DataModelVersionProp>' is not assignable to type 'ComponentType<Record<string, unknown>>'.
    Type 'FunctionComponent<DataModelVersionProp>' is not assignable to type 'FunctionComponent<Record<string, unknown>>'.
      Types of parameters 'props' and 'props' are incompatible.
        Type 'Record<string, unknown>' is missing the following properties from type 'DataModelVersionProp': currentVersionData, isVersionLoading, owners, domains, and 7 more.
src/utils/EntityVersionClassBase.ts(61,5): error TS2418: Type of computed property's value is 'LazyExoticComponent<({ version, currentVersionData, isVersionLoading, owners, domains, dataProducts, tier, slashedTableName, versionList, deleted, backHandler, versionHandler, entityPermissions, }: StoredProcedureVersionProp) => Element>', which is not assignable to type 'LazyExoticComponent<ComponentType<Record<string, unknown>>>'.
  Type '({ version, currentVersionData, isVersionLoading, owners, domains, dataProducts, tier, slashedTableName, versionList, deleted, backHandler, versionHandler, entityPermissions, }: StoredProcedureVersionProp) => JSX.Element' is not assignable to type 'ComponentType<Record<string, unknown>>'.
    Type '({ version, currentVersionData, isVersionLoading, owners, domains, dataProducts, tier, slashedTableName, versionList, deleted, backHandler, versionHandler, entityPermissions, }: StoredProcedureVersionProp) => JSX.Element' is not assignable to type 'FunctionComponent<Record<string, unknown>>'.
      Types of parameters '__0' and 'props' are incompatible.
        Type 'Record<string, unknown>' is missing the following properties from type 'StoredProcedureVersionProp': currentVersionData, isVersionLoading, owners, domains, and 7 more.
src/utils/EntityVersionClassBase.ts(67,5): error TS2418: Type of computed property's value is 'LazyExoticComponent<FC<APIEndpointVersionProp>>', which is not assignable to type 'LazyExoticComponent<ComponentType<Record<string, unknown>>>'.
  Type 'FC<APIEndpointVersionProp>' is not assignable to type 'ComponentType<Record<string, unknown>>'.
    Type 'FunctionComponent<APIEndpointVersionProp>' is not assignable to type 'FunctionComponent<Record<string, unknown>>'.
      Types of parameters 'props' and 'props' are incompatible.
        Type 'Record<string, unknown>' is missing the following properties from type 'APIEndpointVersionProp': currentVersionData, isVersionLoading, tier, slashedApiEndpointName, and 4 more.
src/utils/EntityVersionClassBase.ts(73,5): error TS2418: Type of computed property's value is 'LazyExoticComponent<FC<MetricVersionProp>>', which is not assignable to type 'LazyExoticComponent<ComponentType<Record<string, unknown>>>'.
  Type 'FC<MetricVersionProp>' is not assignable to type 'ComponentType<Record<string, unknown>>'.
    Type 'FunctionComponent<MetricVersionProp>' is not assignable to type 'FunctionComponent<Record<string, unknown>>'.
      Types of parameters 'props' and 'props' are incompatible.
        Type 'Record<string, unknown>' is missing the following properties from type 'MetricVersionProp': currentVersionData, isVersionLoading, owners, domains, and 6 more.
src/utils/EntityVersionClassBase.ts(76,5): error TS2418: Type of computed property's value is 'LazyExoticComponent<FC<ChartVersionProp>>', which is not assignable to type 'LazyExoticComponent<ComponentType<Record<string, unknown>>>'.
  Type 'FC<ChartVersionProp>' is not assignable to type 'ComponentType<Record<string, unknown>>'.
    Type 'FunctionComponent<ChartVersionProp>' is not assignable to type 'FunctionComponent<Record<string, unknown>>'.
      Types of parameters 'props' and 'props' are incompatible.
        Type 'Record<string, unknown>' is missing the following properties from type 'ChartVersionProp': version, currentVersionData, isVersionLoading, owners, and 8 more.
src/utils/EntityVersionClassBase.ts(79,5): error TS2418: Type of computed property's value is 'LazyExoticComponent<({ version, currentVersionData, isVersionLoading, owners, domains, dataProducts, tier, breadCrumbList, versionList, deleted, backHandler, versionHandler, entityPermissions, }: Readonly<DirectoryVersionProps>) => Element>', which is not assignable to type 'LazyExoticComponent<ComponentType<Record<string, unknown>>>'.
  Type '({ version, currentVersionData, isVersionLoading, owners, domains, dataProducts, tier, breadCrumbList, versionList, deleted, backHandler, versionHandler, entityPermissions, }: Readonly<DirectoryVersionProps>) => JSX.Element' is not assignable to type 'ComponentType<Record<string, unknown>>'.
    Type '({ version, currentVersionData, isVersionLoading, owners, domains, dataProducts, tier, breadCrumbList, versionList, deleted, backHandler, versionHandler, entityPermissions, }: Readonly<DirectoryVersionProps>) => JSX.Element' is not assignable to type 'FunctionComponent<Record<string, unknown>>'.
      Types of parameters '__0' and 'props' are incompatible.
        Type 'Record<string, unknown>' is missing the following properties from type 'Readonly<DirectoryVersionProps>': currentVersionData, isVersionLoading, owners, domains, and 7 more.
src/utils/EntityVersionClassBase.ts(85,5): error TS2418: Type of computed property's value is 'LazyExoticComponent<({ version, currentVersionData, isVersionLoading, owners, domains, dataProducts, tier, breadCrumbList, versionList, deleted, backHandler, versionHandler, entityPermissions, }: Readonly<FileVersionProps>) => Element>', which is not assignable to type 'LazyExoticComponent<ComponentType<Record<string, unknown>>>'.
  Type '({ version, currentVersionData, isVersionLoading, owners, domains, dataProducts, tier, breadCrumbList, versionList, deleted, backHandler, versionHandler, entityPermissions, }: Readonly<FileVersionProps>) => JSX.Element' is not assignable to type 'ComponentType<Record<string, unknown>>'.
    Type '({ version, currentVersionData, isVersionLoading, owners, domains, dataProducts, tier, breadCrumbList, versionList, deleted, backHandler, versionHandler, entityPermissions, }: Readonly<FileVersionProps>) => JSX.Element' is not assignable to type 'FunctionComponent<Record<string, unknown>>'.
      Types of parameters '__0' and 'props' are incompatible.
        Type 'Record<string, unknown>' is missing the following properties from type 'Readonly<FileVersionProps>': currentVersionData, isVersionLoading, owners, domains, and 7 more.
src/utils/EntityVersionClassBase.ts(88,5): error TS2418: Type of computed property's value is 'LazyExoticComponent<({ version, currentVersionData, isVersionLoading, owners, domains, dataProducts, tier, breadCrumbList, versionList, deleted, backHandler, versionHandler, entityPermissions, }: Readonly<SpreadsheetVersionProps>) => Element>', which is not assignable to type 'LazyExoticComponent<ComponentType<Record<string, unknown>>>'.
  Type '({ version, currentVersionData, isVersionLoading, owners, domains, dataProducts, tier, breadCrumbList, versionList, deleted, backHandler, versionHandler, entityPermissions, }: Readonly<SpreadsheetVersionProps>) => JSX.Element' is not assignable to type 'ComponentType<Record<string, unknown>>'.
    Type '({ version, currentVersionData, isVersionLoading, owners, domains, dataProducts, tier, breadCrumbList, versionList, deleted, backHandler, versionHandler, entityPermissions, }: Readonly<SpreadsheetVersionProps>) => JSX.Element' is not assignable to type 'FunctionComponent<Record<string, unknown>>'.
      Types of parameters '__0' and 'props' are incompatible.
        Type 'Record<string, unknown>' is missing the following properties from type 'Readonly<SpreadsheetVersionProps>': currentVersionData, isVersionLoading, owners, domains, and 7 more.
src/utils/EntityVersionClassBase.ts(94,5): error TS2418: Type of computed property's value is 'LazyExoticComponent<({ version, currentVersionData, isVersionLoading, owners, domains, dataProducts, tier, breadCrumbList, versionList, deleted, backHandler, versionHandler, entityPermissions, }: Readonly<WorksheetVersionProps>) => Element>', which is not assignable to type 'LazyExoticComponent<ComponentType<Record<string, unknown>>>'.
  Type '({ version, currentVersionData, isVersionLoading, owners, domains, dataProducts, tier, breadCrumbList, versionList, deleted, backHandler, versionHandler, entityPermissions, }: Readonly<WorksheetVersionProps>) => JSX.Element' is not assignable to type 'ComponentType<Record<string, unknown>>'.
    Type '({ version, currentVersionData, isVersionLoading, owners, domains, dataProducts, tier, breadCrumbList, versionList, deleted, backHandler, versionHandler, entityPermissions, }: Readonly<WorksheetVersionProps>) => JSX.Element' is not assignable to type 'FunctionComponent<Record<string, unknown>>'.
      Types of parameters '__0' and 'props' are incompatible.
        Type 'Record<string, unknown>' is missing the following properties from type 'Readonly<WorksheetVersionProps>': currentVersionData, isVersionLoading, owners, domains, and 7 more.
src/utils/Fqn.ts(14,20): error TS7016: Could not find a declaration file for module 'antlr4'. '/Users/seop/om-work/om-1.13.2-rehearsal/openmetadata-ui/src/main/resources/ui/node_modules/antlr4/src/antlr4/index.js' implicitly has an 'any' type.
  Try `npm i --save-dev @types/antlr4` if it exists or add a new declaration (.d.ts) file containing `declare module 'antlr4';`
src/utils/GlossaryUtils.test.ts(231,7): error TS2352: Conversion of type '{ fullyQualifiedName: string; reviewers: never[]; }' to type 'ModifiedGlossaryTerm' may be a mistake because neither type sufficiently overlaps with the other. If this was intentional, convert the expression to 'unknown' first.
  Type '{ fullyQualifiedName: string; reviewers: never[]; }' is missing the following properties from type 'Omit<GlossaryTerm, "children">': name, glossary, description, id
src/utils/HistoryUtils.ts(14,21): error TS7017: Element implicitly has an 'any' type because type 'typeof globalThis' has no index signature.
src/utils/HistoryUtils.ts(16,18): error TS7017: Element implicitly has an 'any' type because type 'typeof globalThis' has no index signature.
src/utils/i18next/LocalUtil.tsx(82,4): error TS2604: JSX element type 'Trans' does not have any construct or call signatures.
src/utils/Lineage/LineageUtils.test.tsx(35,7): error TS2353: Object literal may only specify known properties, and 'entity' does not exist in type 'LineageNodeType'.
src/utils/Lineage/LineageUtils.test.tsx(121,7): error TS2353: Object literal may only specify known properties, and 'entity' does not exist in type 'LineageNodeType'.
src/utils/Lineage/LineageUtils.test.tsx(350,35): error TS2339: Property 'entity' does not exist on type 'LineageNodeType'.
src/utils/Lineage/LineageUtils.test.tsx(353,35): error TS2339: Property 'entity' does not exist on type 'LineageNodeType'.
src/utils/Lineage/LineageUtils.test.tsx(367,35): error TS2339: Property 'entity' does not exist on type 'LineageNodeType'.
src/utils/Lineage/LineageUtils.test.tsx(934,15): error TS2353: Object literal may only specify known properties, and 'name' does not exist in type 'EdgeFromToData'.
src/utils/Lineage/LineageUtils.test.tsx(940,15): error TS2353: Object literal may only specify known properties, and 'name' does not exist in type 'EdgeFromToData'.
src/utils/Lineage/LineageUtils.test.tsx(967,15): error TS2353: Object literal may only specify known properties, and 'name' does not exist in type 'EdgeFromToData'.
src/utils/Lineage/LineageUtils.test.tsx(973,15): error TS2353: Object literal may only specify known properties, and 'name' does not exist in type 'EdgeFromToData'.
src/utils/Lineage/LineageUtils.tsx(72,25): error TS2304: Cannot find name 'NodeData'.
src/utils/Lineage/LineageUtils.tsx(73,19): error TS2304: Cannot find name 'NodeData'.
src/utils/ServiceConnectionDetailsUtils.tsx(146,17): error TS2339: Property 'description' does not exist on type '{}'.
src/utils/ServiceConnectionDetailsUtils.tsx(146,30): error TS2339: Property 'format' does not exist on type '{}'.
src/utils/ServiceConnectionDetailsUtils.tsx(146,38): error TS2339: Property 'title' does not exist on type '{}'.
src/utils/ServiceConnectionDetailsUtils.tsx(148,38): error TS2345: Argument of type '{} | undefined' is not assignable to parameter of type 'string'.
  Type 'undefined' is not assignable to type 'string'.
src/utils/ServiceConnectionDetailsUtils.tsx(163,17): error TS2339: Property 'description' does not exist on type '{}'.
src/utils/ServiceConnectionDetailsUtils.tsx(163,30): error TS2339: Property 'title' does not exist on type '{}'.
src/utils/ServiceConnectionDetailsUtils.tsx(165,41): error TS2345: Argument of type 'object' is not assignable to parameter of type '{ includes: string[]; excludes: string[]; }'.
  Type '{}' is missing the following properties from type '{ includes: string[]; excludes: string[]; }': includes, excludes
src/utils/ServiceConnectionDetailsUtils.tsx(200,9): error TS2322: Type 'object' is not assignable to type 'Record<string, unknown>'.
  Index signature for type 'string' is missing in type '{}'.
src/utils/ServiceConnectionDetailsUtils.tsx(201,58): error TS2339: Property 'properties' does not exist on type '{}'.
src/utils/ServiceConnectionDetailsUtils.tsx(224,5): error TS18046: 'value' is of type 'unknown'.
src/utils/ServiceConnectionDetailsUtils.tsx(226,27): error TS2571: Object is of type 'unknown'.
src/utils/ServiceConnectionDetailsUtils.tsx(227,54): error TS18046: 'value' is of type 'unknown'.
src/utils/ServiceConnectionDetailsUtils.tsx(233,9): error TS2322: Type 'unknown' is not assignable to type 'Record<string, unknown>'.
src/utils/ServiceConnectionDetailsUtils.tsx(243,23): error TS2571: Object is of type 'unknown'.
src/utils/ServiceConnectionDetailsUtils.tsx(246,7): error TS2322: Type 'unknown' is not assignable to type 'Record<string, unknown>'.
src/utils/ServiceConnectionDetailsUtils.tsx(255,23): error TS2571: Object is of type 'unknown'.
src/utils/ServiceConnectionDetailsUtils.tsx(262,9): error TS2322: Type 'unknown' is not assignable to type 'Record<string, unknown>'.
src/utils/ServiceConnectionDetailsUtils.tsx(275,26): error TS2571: Object is of type 'unknown'.
src/utils/ServiceConnectionDetailsUtils.tsx(282,9): error TS2322: Type 'unknown' is not assignable to type 'Record<string, unknown>'.
src/utils/ServiceConnectionDetailsUtils.tsx(301,17): error TS18046: 'value' is of type 'unknown'.
src/utils/ServiceConnectionDetailsUtils.tsx(305,7): error TS18046: 'value' is of type 'unknown'.
src/utils/ServiceConnectionDetailsUtils.tsx(306,38): error TS18046: 'value' is of type 'unknown'.
src/utils/ServiceConnectionDetailsUtils.tsx(319,21): error TS18046: 'value' is of type 'unknown'.
src/utils/ServiceConnectionDetailsUtils.tsx(320,11): error TS18046: 'value' is of type 'unknown'.
src/utils/ServiceConnectionDetailsUtils.tsx(322,7): error TS2322: Type 'unknown' is not assignable to type 'Record<string, unknown>'.
src/utils/ServiceConnectionDetailsUtils.tsx(332,17): error TS2769: No overload matches this call.
  Overload 1 of 2, '(o: {}): string[]', gave the following error.
    Argument of type 'unknown' is not assignable to parameter of type '{}'.
  Overload 2 of 2, '(o: object): string[]', gave the following error.
    Argument of type 'unknown' is not assignable to parameter of type 'object'.
src/utils/ServiceConnectionDetailsUtils.tsx(333,6): error TS18046: 'value' is of type 'unknown'.
src/utils/ServiceConnectionDetailsUtils.tsx(334,7): error TS18046: 'value' is of type 'unknown'.
src/utils/ServiceConnectionDetailsUtils.tsx(337,12): error TS18046: 'value' is of type 'unknown'.
src/utils/ServiceConnectionDetailsUtils.tsx(338,7): error TS2322: Type 'unknown' is not assignable to type 'Record<string, unknown>'.
src/utils/ServiceConnectionDetailsUtils.tsx(348,19): error TS2769: No overload matches this call.
  Overload 1 of 2, '(o: {}): string[]', gave the following error.
    Argument of type 'unknown' is not assignable to parameter of type '{}'.
  Overload 2 of 2, '(o: object): string[]', gave the following error.
    Argument of type 'unknown' is not assignable to parameter of type 'object'.
src/utils/ServiceConnectionDetailsUtils.tsx(349,24): error TS2571: Object is of type 'unknown'.
src/utils/ServiceConnectionDetailsUtils.tsx(354,7): error TS2322: Type 'unknown' is not assignable to type 'Record<string, unknown>'.
src/utils/ServiceConnectionDetailsUtils.tsx(355,29): error TS18046: 'schema.definitions' is of type 'unknown'.
src/utils/ServiceConnectionUtils.ts(62,7): error TS2322: Type '{ schema: object; uiSchema: { connection: { supportsIncrementalMetadataExtraction: { 'ui:widget': string; 'ui:hideError': boolean; }; supportsMetadataExtraction: { 'ui:widget': string; 'ui:hideError': boolean; }; ... 9 more ...; type: { ...; }; }; ... 13 more ...; type: { ...; }; }; }' is not assignable to type '{ schema: Record<string, unknown>; uiSchema: Record<string, unknown>; }'.
  Types of property 'schema' are incompatible.
    Type 'object' is not assignable to type 'Record<string, unknown>'.
      Index signature for type 'string' is missing in type '{}'.
src/utils/ServiceConnectionUtils.ts(195,9): error TS2698: Spread types may only be created from object types.
src/utils/ServiceUtilsClassBase.test.ts(290,62): error TS2559: Type '{ fullyQualifiedName: string; name: string; }' has no properties in common with type '{ serviceType?: string | undefined; entityType?: string | undefined; }'.
src/utils/TableProfilerUtils.test.ts(425,9): error TS2322: Type 'null' is not assignable to type 'number | undefined'.
src/utils/TableProfilerUtils.test.ts(426,9): error TS2322: Type 'null' is not assignable to type 'number | undefined'.
src/utils/TableProfilerUtils.test.ts(427,9): error TS2322: Type 'null' is not assignable to type 'number | undefined'.
src/utils/TableProfilerUtils.test.ts(428,9): error TS2322: Type 'null' is not assignable to type 'number | undefined'.
src/utils/TableProfilerUtils.test.ts(462,9): error TS2322: Type 'null' is not assignable to type 'number | undefined'.
